{"type":"FeatureCollection","features":[{"type":"Feature","properties":{"layer":"rivers","name":"Arkansas"},"geometry":{"type":"LineString","coordinates":[[-95.9,35.973],[-95.883,35.967],[-95.852,35.942],[-95.828,35.938],[-95.795,35.953],[-95.783,35.953],[-95.739,35.916],[-95.678,35.925],[-95.65,35.9]]}},{"type":"Feature","properties":{"layer":"rivers","name":"Big Muddy"},"geometry":{"type":"LineString","coordinates":[[-89.525,37.574],[-89.468,37.566],[-89.459,37.576],[-89.451,37.605],[-89.419,37.66],[-89.419,37.677],[-89.434,37.7],[-89.431,37.725],[-89.44,37.739],[-89.435,37.754],[-89.394,37.761],[-89.344,37.755],[-89.303,37.775],[-89.281,37.772],[-89.272,37.786],[-89.252,37.794],[-89.225,37.793],[-89.203,37.818],[-89.167,37.81],[-89.135,37.82],[-89.108,37.851],[-89.063,37.844],[-89.059,37.875],[-89.03,37.887],[-89.006,37.927],[-88.997,37.959],[-88.976,37.98],[-88.976,38.019],[-88.983,38.044]]}},{"type":"Feature","properties":{"layer":"rivers","name":"Black"},"geometry":{"type":"LineString","coordinates":[[-91.025,37.686],[-91.013,37.675],[-91.017,37.645],[-90.946,37.579],[-90.931,37.513],[-90.861,37.452],[-90.848,37.436],[-90.821,37.356],[-90.79,37.34],[-90.785,37.316],[-90.792,37.228],[-90.785,37.213],[-90.798,37.189],[-90.794,37.165],[-90.783,37.149],[-90.751,37.124],[-90.713,37.073],[-90.662,37.042],[-90.643,37.003],[-90.616,36.98],[-90.581,36.965],[-90.539,36.957],[-90.531,36.939],[-90.466,36.897],[-90.442,36.842],[-90.373,36.795],[-90.389,36.778],[-90.386,36.763],[-90.36,36.74],[-90.346,36.712],[-90.315,36.696],[-90.305,36.662],[-90.315,36.627],[-90.36,36.569],[-90.352,36.554],[-90.367,36.536],[-90.391,36.521],[-90.426,36.51],[-90.488,36.469],[-90.497,36.452],[-90.494,36.428],[-90.55,36.414],[-90.595,36.374],[-90.643,36.364],[-90.668,36.352],[-90.709,36.35],[-90.723,36.336],[-90.721,36.303],[-90.723,36.295],[-90.734,36.289],[-90.815,36.302],[-90.826,36.296],[-90.846,36.26],[-90.861,36.252],[-90.951,36.26],[-90.984,36.247],[-90.976,36.247],[-90.99,36.24],[-91.004,36.206],[-91.055,36.175],[-91.07,36.153],[-91.073,36.137],[-91.086,36.131],[-91.124,36.093],[-91.129,36.081],[-91.12,36.045],[-91.128,36.019],[-91.148,36.007],[-91.185,36.003],[-91.194,35.977],[-91.23,35.945],[-91.214,35.932],[-91.21,35.915],[-91.216,35.9]]}},{"type":"Feature","properties":{"layer":"rivers","name":"Bryant"},"geometry":{"type":"MultiLineString","coordinates":[[[-92.669,37.076],[-92.585,37.022],[-92.532,37.009],[-92.523,36.998],[-92.496,36.896],[-92.466,36.858],[-92.448,36.843],[-92.386,36.817],[-92.363,36.785],[-92.283,36.729],[-92.27,36.692],[-92.288,36.675],[-92.292,36.639],[-92.312,36.626],[-92.303,36.596],[-92.286,36.581]],[[-92.286,36.581],[-92.278,36.555],[-92.277,36.528],[-92.262,36.511],[-92.26,36.485],[-92.298,36.412],[-92.292,36.398],[-92.25,36.38],[-92.242,36.365],[-92.252,36.324],[-92.23,36.274],[-92.226,36.247]]]}},{"type":"Feature","properties":{"layer":"rivers","name":"Cache"},"geometry":{"type":"LineString","coordinates":[[-90.365,36.451],[-90.395,36.416],[-90.397,36.399],[-90.407,36.382],[-90.464,36.332],[-90.52,36.258],[-90.569,36.232],[-90.66,36.218],[-90.713,36.194],[-90.735,36.174],[-90.778,36.103],[-90.812,36.081],[-90.823,36.066],[-90.853,35.996],[-90.842,35.978],[-90.878,35.959],[-90.88,35.928],[-90.898,35.9]]}},{"type":"Feature","properties":{"layer":"rivers","name":"Chariton"},"geometry":{"type":"LineString","coordinates":[[-92.938,39.26],[-92.954,39.318],[-92.959,39.369],[-92.886,39.43],[-92.85,39.499],[-92.733,39.6],[-92.697,39.622],[-92.685,39.696],[-92.691,39.737],[-92.684,39.855],[-92.688,39.881],[-92.67,39.926],[-92.669,39.945],[-92.68,39.96],[-92.685,40.0],[-92.699,40.024],[-92.69,40.055],[-92.698,40.09],[-92.686,40.158],[-92.691,40.175],[-92.706,40.189],[-92.708,40.202],[-92.692,40.235],[-92.694,40.378],[-92.674,40.401],[-92.678,40.42],[-92.7,40.453],[-92.694,40.501],[-92.71,40.536],[-92.695,40.548],[-92.697,40.562],[-92.737,40.611],[-92.745,40.651],[-92.772,40.677],[-92.781,40.7]]}},{"type":"Feature","properties":{"layer":"rivers","name":"Current"},"geometry":{"type":"LineString","coordinates":[[-91.893,37.225],[-91.822,37.25],[-91.791,37.288],[-91.722,37.304],[-91.695,37.346],[-91.649,37.37],[-91.611,37.407],[-91.601,37.407],[-91.567,37.377],[-91.482,37.346],[-91.473,37.33],[-91.456,37.317],[-91.434,37.314],[-91.422,37.288],[-91.408,37.276],[-91.365,37.263],[-91.343,37.243],[-91.305,37.244],[-91.318,37.225],[-91.318,37.21],[-91.291,37.187],[-91.245,37.175],[-91.201,37.183],[-91.185,37.176],[-91.181,37.133],[-91.171,37.126],[-91.157,37.134],[-91.138,37.13],[-91.118,37.117],[-91.07,37.125],[-91.05,37.066],[-91.061,37.037],[-91.04,37.015],[-91.025,36.989],[-90.995,36.968],[-90.984,36.942],[-90.939,36.925],[-90.911,36.923],[-90.904,36.914],[-90.923,36.881],[-90.929,36.847],[-90.954,36.82],[-90.959,36.807],[-90.957,36.79],[-90.914,36.71],[-90.892,36.7],[-90.884,36.67],[-90.865,36.657],[-90.857,36.641],[-90.851,36.61],[-90.862,36.583],[-90.848,36.558],[-90.823,36.538],[-90.828,36.516],[-90.813,36.494],[-90.775,36.49],[-90.772,36.438],[-90.757,36.419],[-90.773,36.367],[-90.788,36.354],[-90.834,36.334],[-90.841,36.32],[-90.884,36.276],[-90.933,36.258]]}},{"type":"Feature","properties":{"layer":"rivers","name":"Des Moines"},"geometry":{"type":"LineString","coordinates":[[-91.796,40.7],[-91.765,40.68],[-91.723,40.609],[-91.696,40.588],[-91.694,40.565],[-91.682,40.551],[-91.627,40.53],[-91.617,40.506],[-91.59,40.5],[-91.583,40.485],[-91.546,40.468],[-91.536,40.454],[-91.539,40.441],[-91.53,40.431],[-91.494,40.403],[-91.442,40.379]]}},{"type":"Feature","properties":{"layer":"rivers","name":"East Nishnabotna"},"geometry":{"type":"LineString","coordinates":[[-95.62,40.654],[-95.56,40.7]]}},{"type":"Feature","properties":{"layer":"rivers","name":"Forked Deer"},"geometry":{"type":"MultiLineString","coordinates":[[[-89.062,36.279],[-89.109,36.271],[-89.161,36.247],[-89.204,36.248],[-89.246,36.228],[-89.277,36.195],[-89.368,36.193],[-89.461,36.118],[-89.514,36.12],[-89.531,36.111],[-89.535,36.098],[-89.531,36.084],[-89.552,36.049],[-89.589,36.052],[-89.603,36.027],[-89.639,36.009],[-89.65,35.994],[-89.64,35.979],[-89.601,35.968],[-89.586,35.956],[-89.586,35.938],[-89.598,35.926],[-89.64,35.938],[-89.675,35.933]],[[-89.428,35.998],[-89.456,35.985],[-89.508,35.937],[-89.527,35.931],[-89.547,35.935],[-89.595,35.929]]]}},{"type":"Feature","properties":{"layer":"rivers","name":"Gasconade"},"geometry":{"type":"LineString","coordinates":[[-91.584,38.676],[-91.602,38.649],[-91.637,38.63],[-91.645,38.616],[-91.596,38.589],[-91.586,38.562],[-91.59,38.552],[-91.608,38.574],[-91.63,38.548],[-91.622,38.516],[-91.634,38.507],[-91.674,38.511],[-91.68,38.503],[-91.643,38.477],[-91.646,38.458],[-91.664,38.441],[-91.682,38.437],[-91.732,38.436],[-91.745,38.423],[-91.749,38.401],[-91.763,38.382],[-91.783,38.374],[-91.819,38.384],[-91.829,38.38],[-91.84,38.363],[-91.835,38.337],[-91.856,38.315],[-91.872,38.281],[-91.865,38.272],[-91.83,38.269],[-91.815,38.257],[-91.813,38.244],[-91.829,38.227],[-91.873,38.232],[-91.896,38.225],[-91.908,38.212],[-91.912,38.197],[-91.907,38.187],[-91.87,38.181],[-91.857,38.171],[-91.9,38.133],[-91.908,38.118],[-91.896,38.099],[-91.894,38.069],[-91.918,38.051],[-91.963,38.043],[-91.975,38.003],[-91.972,37.986],[-91.978,37.974],[-91.997,37.965],[-92.005,37.953],[-91.994,37.929],[-92.037,37.919],[-92.042,37.893],[-92.076,37.89],[-92.119,37.876],[-92.136,37.882],[-92.113,37.903],[-92.124,37.912],[-92.161,37.922],[-92.169,37.913],[-92.162,37.877],[-92.173,37.87],[-92.209,37.878],[-92.223,37.873],[-92.22,37.85],[-92.237,37.851],[-92.258,37.863],[-92.267,37.885],[-92.321,37.866],[-92.339,37.855],[-92.348,37.841],[-92.347,37.813],[-92.353,37.805],[-92.378,37.828],[-92.387,37.83],[-92.392,37.817],[-92.431,37.786],[-92.467,37.79],[-92.48,37.784],[-92.476,37.776],[-92.445,37.774],[-92.442,37.763]]}},{"type":"Feature","properties":{"layer":"rivers","name":"Grand"},"geometry":{"type":"LineString","coordinates":[[-94.35,40.7],[-94.361,40.669],[-94.386,40.639],[-94.531,40.517],[-94.543,40.482],[-94.54,40.451],[-94.568,40.417],[-94.57,40.397],[-94.555,40.367],[-94.543,40.319],[-94.488,40.235],[-94.472,40.222],[-94.414,40.216],[-94.376,40.201],[-94.355,40.178],[-94.349,40.114],[-94.308,40.111],[-94.275,40.097],[-94.266,40.086],[-94.242,40.084],[-94.239,40.073],[-94.218,40.052],[-94.156,40.029],[-94.07,40.031],[-94.049,40.002],[-94.013,39.981],[-93.973,39.948],[-93.958,39.921],[-93.933,39.907],[-93.927,39.877],[-93.842,39.863],[-93.769,39.801],[-93.69,39.76],[-93.562,39.746],[-93.537,39.731],[-93.47,39.727],[-93.448,39.713],[-93.405,39.709],[-93.294,39.673],[-93.281,39.661],[-93.285,39.644],[-93.272,39.633],[-93.279,39.609],[-93.272,39.559],[-93.284,39.528],[-93.274,39.467],[-93.266,39.463],[-93.244,39.468],[-93.232,39.461],[-93.231,39.437],[-93.195,39.435],[-93.132,39.416],[-93.128,39.385]]}},{"type":"Feature","properties":{"layer":"rivers","name":"Illinois"},"geometry":{"type":"MultiLineString","coordinates":[[[-89.575,40.7],[-89.622,40.669],[-89.632,40.643],[-89.692,40.562],[-89.832,40.551],[-89.873,40.533],[-89.913,40.468],[-89.941,40.434],[-90.041,40.376],[-90.071,40.316],[-90.144,40.234],[-90.193,40.205],[-90.222,40.163],[-90.287,40.154],[-90.378,40.126],[-90.394,40.112],[-90.423,40.068],[-90.442,40.057],[-90.435,40.041],[-90.517,39.979],[-90.558,39.913],[-90.597,39.872],[-90.585,39.848],[-90.587,39.83],[-90.637,39.74],[-90.651,39.698],[-90.648,39.666],[-90.613,39.632],[-90.609,39.604],[-90.593,39.58],[-90.583,39.538],[-90.593,39.495],[-90.618,39.46],[-90.629,39.42],[-90.612,39.113],[-90.603,39.073],[-90.579,39.031],[-90.576,38.989],[-90.558,38.964],[-90.498,38.964],[-90.479,38.959]],[[-94.295,35.9],[-94.25,35.953],[-94.257,35.971],[-94.293,35.992],[-94.319,36.028],[-94.315,36.051],[-94.344,36.077],[-94.346,36.122],[-94.366,36.146],[-94.366,36.164],[-94.375,36.174],[-94.394,36.176],[-94.439,36.167],[-94.495,36.143],[-94.521,36.12],[-94.553,36.106],[-94.569,36.132],[-94.585,36.129],[-94.619,36.145],[-94.662,36.145],[-94.705,36.162],[-94.711,36.173],[-94.725,36.167],[-94.746,36.151],[-94.765,36.125],[-94.776,36.117],[-94.809,36.113],[-94.837,36.087],[-94.884,36.059],[-94.906,36.022],[-94.909,35.99],[-94.903,35.983],[-94.884,35.991],[-94.87,35.981],[-94.866,35.964],[-94.901,35.935],[-94.916,35.932],[-94.936,35.9]]]}},{"type":"Feature","properties":{"layer":"rivers","name":"Kansas"},"geometry":{"type":"LineString","coordinates":[[-95.9,39.109],[-95.833,39.092],[-95.698,39.079],[-95.674,39.081],[-95.633,39.099],[-95.617,39.098],[-95.586,39.082],[-95.568,39.079],[-95.392,39.081],[-95.283,39.045],[-95.238,38.996],[-95.216,38.985],[-95.108,38.964],[-95.02,38.993],[-94.95,38.985],[-94.929,38.993],[-94.866,39.037],[-94.781,39.058],[-94.72,39.091],[-94.697,39.095],[-94.647,39.086],[-94.628,39.09],[-94.601,39.118]]}},{"type":"Feature","properties":{"layer":"rivers","name":"Kaskaskia"},"geometry":{"type":"LineString","coordinates":[[-88.9,39.182],[-88.934,39.159],[-88.978,39.141],[-89.001,39.127],[-89.014,39.104],[-89.041,39.094],[-89.095,39.014],[-89.104,38.952],[-89.14,38.899],[-89.168,38.878],[-89.232,38.799],[-89.251,38.768],[-89.285,38.686],[-89.355,38.622],[-89.36,38.575],[-89.391,38.594],[-89.394,38.576],[-89.386,38.535],[-89.395,38.526],[-89.452,38.488],[-89.519,38.475],[-89.592,38.481],[-89.655,38.463],[-89.708,38.426],[-89.777,38.423],[-89.794,38.416],[-89.806,38.395],[-89.806,38.362],[-89.885,38.335],[-89.897,38.317],[-89.917,38.313],[-89.916,38.286],[-89.934,38.272],[-89.921,38.262],[-89.909,38.21],[-89.911,38.156],[-89.919,38.136],[-89.969,38.073],[-89.97,38.014],[-89.957,37.991],[-89.962,37.975],[-89.957,37.961]]}},{"type":"Feature","properties":{"layer":"rivers","name":"Little Osage"},"geometry":{"type":"LineString","coordinates":[[-95.174,37.956],[-95.062,38.009],[-94.982,38.015],[-94.96,38.008],[-94.939,37.984],[-94.909,37.982],[-94.75,38.018],[-94.564,37.974],[-94.534,37.981],[-94.414,37.974],[-94.374,37.985],[-94.347,38.001],[-94.306,37.993],[-94.252,38.043]]}},{"type":"Feature","properties":{"layer":"rivers","name":"Marais des Cygnes"},"geometry":{"type":"LineString","coordinates":[[-95.9,38.497],[-95.865,38.486],[-95.782,38.498],[-95.711,38.519],[-95.69,38.522],[-95.67,38.515],[-95.584,38.531],[-95.546,38.539],[-95.519,38.563],[-95.514,38.591],[-95.506,38.597],[-95.461,38.59],[-95.394,38.604],[-95.376,38.597],[-95.342,38.612],[-95.321,38.604],[-95.308,38.618],[-95.199,38.607],[-95.142,38.571],[-95.088,38.577],[-95.059,38.532],[-94.973,38.516],[-94.904,38.486],[-94.882,38.488],[-94.848,38.501],[-94.834,38.5],[-94.821,38.481],[-94.856,38.461],[-94.807,38.441],[-94.8,38.43],[-94.8,38.407],[-94.787,38.385],[-94.824,38.382],[-94.834,38.378],[-94.834,38.372],[-94.792,38.361],[-94.779,38.352],[-94.787,38.331],[-94.753,38.321],[-94.726,38.29],[-94.687,38.23],[-94.642,38.225],[-94.622,38.213],[-94.603,38.213],[-94.557,38.227],[-94.54,38.225],[-94.485,38.195],[-94.43,38.186],[-94.271,38.088],[-94.259,38.076],[-94.255,38.05],[-94.244,38.033]]}},{"type":"Feature","properties":{"layer":"rivers","name":"Meramec"},"geometry":{"type":"LineString","coordinates":[[-90.34,38.399],[-90.348,38.414],[-90.342,38.445],[-90.346,38.459],[-90.401,38.459],[-90.419,38.473],[-90.407,38.496],[-90.435,38.521],[-90.443,38.554],[-90.542,38.547],[-90.599,38.536],[-90.617,38.538],[-90.627,38.531],[-90.601,38.513],[-90.595,38.5],[-90.597,38.485],[-90.61,38.475],[-90.653,38.479],[-90.663,38.454],[-90.677,38.445],[-90.704,38.461],[-90.721,38.464],[-90.751,38.445],[-90.766,38.447],[-90.797,38.465],[-90.815,38.458],[-90.816,38.433],[-90.834,38.413],[-90.889,38.396],[-90.891,38.386],[-90.873,38.371],[-90.872,38.352],[-90.881,38.341],[-90.934,38.336],[-90.926,38.329],[-90.916,38.294],[-90.933,38.281],[-90.947,38.287],[-90.955,38.302],[-90.967,38.3],[-90.97,38.289],[-91.007,38.268],[-91.026,38.264],[-91.046,38.273],[-91.065,38.273],[-91.087,38.243],[-91.087,38.221],[-91.104,38.206],[-91.127,38.151],[-91.16,38.126],[-91.165,38.111],[-91.16,38.085],[-91.17,38.076],[-91.212,38.06],[-91.242,38.035],[-91.309,38.042],[-91.317,38.025],[-91.355,38.011],[-91.368,37.996],[-91.388,37.99],[-91.418,38.002],[-91.429,37.988],[-91.442,37.986],[-91.459,37.996],[-91.471,37.996],[-91.497,37.973],[-91.536,37.961],[-91.522,37.944],[-91.513,37.893],[-91.447,37.88],[-91.44,37.864],[-91.439,37.811],[-91.467,37.771],[-91.46,37.755],[-91.439,37.741],[-91.454,37.711],[-91.447,37.696],[-91.427,37.677],[-91.416,37.63],[-91.395,37.6],[-91.396,37.561],[-91.384,37.52],[-91.384,37.496]]}},{"type":"Feature","properties":{"layer":"rivers","name":"Mississippi"},"geometry":{"type":"MultiLineString","coordinates":[[[-91.129,40.7],[-91.153,40.672],[-91.188,40.653],[-91.298,40.633],[-91.383,40.599],[-91.413,40.564],[-91.411,40.545],[-91.384,40.526],[-91.375,40.51],[-91.381,40.444],[-91.374,40.403],[-91.383,40.393],[-91.442,40.379],[-91.473,40.358],[-91.496,40.313],[-91.518,40.221],[-91.519,40.175],[-91.493,40.009],[-91.487,39.994],[-91.443,39.94],[-91.449,39.866],[-91.392,39.803],[-91.375,39.736],[-91.355,39.711],[-91.104,39.533],[-91.077,39.499],[-91.066,39.464],[-91.051,39.452],[-90.82,39.32],[-90.774,39.279],[-90.737,39.22],[-90.73,39.201],[-90.73,39.146],[-90.703,39.101],[-90.719,39.066],[-90.699,39.024],[-90.703,38.995],[-90.658,38.921],[-90.627,38.89],[-90.585,38.878],[-90.542,38.894],[-90.479,38.959],[-90.428,38.967],[-90.375,38.944],[-90.282,38.926],[-90.184,38.883],[-90.144,38.857],[-90.127,38.83],[-90.135,38.812],[-90.171,38.765],[-90.198,38.744],[-90.197,38.638],[-90.214,38.607],[-90.264,38.543],[-90.315,38.431],[-90.363,38.369],[-90.378,38.338],[-90.382,38.3],[-90.362,38.227],[-90.346,38.207],[-90.291,38.169],[-90.257,38.137],[-90.243,38.113],[-90.188,38.084],[-90.111,38.017],[-90.076,38.008],[-90.005,37.962],[-89.968,37.963],[-89.923,37.953],[-89.832,37.884],[-89.722,37.837],[-89.698,37.809],[-89.669,37.754],[-89.647,37.733],[-89.55,37.698],[-89.523,37.679],[-89.531,37.667],[-89.517,37.614],[-89.527,37.562],[-89.523,37.542],[-89.451,37.44],[-89.442,37.398],[-89.459,37.362],[-89.523,37.307],[-89.523,37.268],[-89.474,37.244],[-89.472,37.214],[-89.442,37.165],[-89.402,37.12],[-89.387,37.091],[-89.394,37.063],[-89.377,37.047],[-89.327,37.014],[-89.275,37.0],[-89.27,37.011],[-89.273,37.026],[-89.298,37.049],[-89.309,37.071],[-89.302,37.081],[-89.26,37.083],[-89.254,37.078],[-89.246,37.045],[-89.209,37.022],[-89.198,36.989],[-89.188,36.981],[-89.144,36.987],[-89.124,36.98],[-89.119,36.962],[-89.126,36.877],[-89.153,36.839],[-89.135,36.783],[-89.133,36.761],[-89.141,36.734],[-89.181,36.665],[-89.205,36.607],[-89.226,36.58],[-89.253,36.569],[-89.285,36.578],[-89.359,36.638],[-89.37,36.633],[-89.386,36.61],[-89.427,36.493],[-89.479,36.452],[-89.505,36.458],[-89.507,36.473],[-89.49,36.514],[-89.503,36.554],[-89.537,36.568],[-89.57,36.556],[-89.578,36.521],[-89.548,36.481],[-89.556,36.447],[-89.534,36.406],[-89.531,36.383],[-89.542,36.362],[-89.56,36.352],[-89.609,36.349],[-89.629,36.341],[-89.626,36.323],[-89.611,36.303],[-89.592,36.288],[-89.557,36.275],[-89.561,36.264],[-89.584,36.255],[-89.695,36.247],[-89.614,36.142],[-89.623,36.123],[-89.674,36.102],[-89.685,36.076],[-89.716,36.035],[-89.726,35.993],[-89.707,35.968],[-89.681,35.946],[-89.667,35.915],[-89.673,35.9]],[[-89.77,35.9],[-89.741,35.916],[-89.719,35.919],[-89.69,35.9]]]}},{"type":"Feature","properties":{"layer":"rivers","name":"Missouri"},"geometry":{"type":"LineString","coordinates":[[-95.853,40.7],[-95.845,40.688],[-95.773,40.661],[-95.763,40.639],[-95.773,40.574],[-95.768,40.549],[-95.755,40.539],[-95.712,40.53],[-95.696,40.518],[-95.698,40.482],[-95.671,40.45],[-95.664,40.434],[-95.664,40.406],[-95.643,40.379],[-95.629,40.345],[-95.656,40.324],[-95.65,40.311],[-95.595,40.31],[-95.577,40.301],[-95.547,40.262],[-95.478,40.249],[-95.468,40.238],[-95.469,40.226],[-95.485,40.201],[-95.457,40.174],[-95.437,40.143],[-95.404,40.114],[-95.422,40.062],[-95.42,40.045],[-95.408,40.033],[-95.344,40.019],[-95.261,39.96],[-95.248,39.944],[-95.215,39.937],[-95.191,39.906],[-95.15,39.899],[-95.112,39.869],[-95.091,39.861],[-95.068,39.865],[-95.002,39.903],[-94.961,39.906],[-94.948,39.901],[-94.942,39.876],[-94.951,39.866],[-94.882,39.821],[-94.889,39.78],[-94.873,39.753],[-94.875,39.742],[-94.891,39.73],[-94.961,39.742],[-94.969,39.739],[-94.981,39.696],[-95.054,39.639],[-95.064,39.581],[-95.109,39.571],[-95.111,39.55],[-95.099,39.53],[-95.064,39.509],[-95.026,39.454],[-94.958,39.42],[-94.944,39.393],[-94.9,39.385],[-94.909,39.367],[-94.901,39.327],[-94.879,39.287],[-94.835,39.259],[-94.83,39.217],[-94.724,39.173],[-94.663,39.173],[-94.653,39.159],[-94.613,39.153],[-94.611,39.144],[-94.625,39.132],[-94.622,39.124],[-94.601,39.118],[-94.578,39.121],[-94.526,39.147],[-94.465,39.124],[-94.416,39.154],[-94.369,39.165],[-94.328,39.214],[-94.291,39.231],[-94.253,39.223],[-94.184,39.18],[-94.085,39.136],[-94.012,39.152],[-93.945,39.156],[-93.923,39.166],[-93.88,39.203],[-93.858,39.208],[-93.744,39.202],[-93.699,39.216],[-93.69,39.231],[-93.678,39.227],[-93.604,39.242],[-93.57,39.221],[-93.519,39.221],[-93.502,39.234],[-93.505,39.266],[-93.495,39.286],[-93.432,39.265],[-93.416,39.256],[-93.429,39.242],[-93.417,39.23],[-93.393,39.225],[-93.337,39.245],[-93.332,39.257],[-93.347,39.283],[-93.346,39.297],[-93.3,39.308],[-93.274,39.325],[-93.235,39.331],[-93.225,39.344],[-93.208,39.399],[-93.193,39.406],[-93.173,39.385],[-93.128,39.385],[-93.1,39.377],[-93.084,39.334],[-93.063,39.32],[-92.991,39.316],[-92.977,39.309],[-92.964,39.275],[-92.929,39.252],[-92.937,39.234],[-92.865,39.232],[-92.854,39.217],[-92.862,39.203],[-92.916,39.166],[-92.944,39.116],[-92.943,39.101],[-92.909,39.087],[-92.93,39.057],[-92.925,39.03],[-92.897,39.002],[-92.858,38.979],[-92.82,38.967],[-92.621,38.974],[-92.573,38.967],[-92.508,38.923],[-92.449,38.835],[-92.398,38.813],[-92.392,38.796],[-92.406,38.758],[-92.402,38.741],[-92.356,38.702],[-92.366,38.69],[-92.354,38.676],[-92.247,38.648],[-92.226,38.638],[-92.209,38.612],[-92.155,38.577],[-92.109,38.563],[-92.067,38.562],[-92.029,38.572],[-91.93,38.616],[-91.913,38.639],[-91.86,38.673],[-91.712,38.706],[-91.642,38.7],[-91.584,38.676],[-91.496,38.705],[-91.414,38.706],[-91.38,38.7],[-91.34,38.707],[-91.299,38.69],[-91.246,38.637],[-91.209,38.618],[-91.14,38.6],[-91.055,38.599],[-91.002,38.547],[-90.932,38.545],[-90.888,38.556],[-90.83,38.586],[-90.794,38.596],[-90.757,38.638],[-90.692,38.682],[-90.654,38.69],[-90.567,38.68],[-90.556,38.688],[-90.546,38.731],[-90.497,38.776],[-90.478,38.807],[-90.463,38.818],[-90.378,38.834],[-90.366,38.845],[-90.349,38.886],[-90.332,38.892],[-90.293,38.883],[-90.22,38.829],[-90.202,38.823],[-90.144,38.828],[-90.133,38.819]]}},{"type":"Feature","properties":{"layer":"rivers","name":"Neosho"},"geometry":{"type":"MultiLineString","coordinates":[[[-95.835,38.269],[-95.869,38.273],[-95.9,38.296]],[[-95.763,38.242],[-95.728,38.218],[-95.727,38.169],[-95.69,38.122],[-95.67,38.106],[-95.659,38.066],[-95.629,38.061],[-95.621,38.036],[-95.585,38.016],[-95.553,38.009],[-95.543,37.984],[-95.492,37.974],[-95.48,37.959],[-95.455,37.951],[-95.429,37.923],[-95.422,37.907],[-95.465,37.853],[-95.467,37.84],[-95.445,37.805],[-95.459,37.733],[-95.427,37.713],[-95.418,37.699],[-95.405,37.628],[-95.334,37.626],[-95.325,37.619],[-95.313,37.576],[-95.295,37.555],[-95.258,37.539],[-95.224,37.534],[-95.222,37.505],[-95.165,37.492],[-95.16,37.486],[-95.166,37.45],[-95.161,37.433],[-95.168,37.417],[-95.14,37.404],[-95.107,37.318],[-95.112,37.256],[-95.104,37.224],[-95.113,37.21],[-95.112,37.201],[-95.086,37.174],[-95.067,37.168],[-95.06,37.152],[-95.077,37.122],[-95.067,37.109],[-95.07,37.084],[-95.063,37.061],[-95.076,37.04],[-95.057,37.015],[-95.035,37.006],[-95.029,36.967],[-94.98,36.942],[-94.955,36.908],[-94.892,36.88],[-94.866,36.854]],[[-95.269,36.12],[-95.265,36.129],[-95.273,36.14],[-95.292,36.152],[-95.289,36.169],[-95.252,36.204],[-95.229,36.238],[-95.166,36.239],[-95.152,36.247],[-95.149,36.263],[-95.168,36.292],[-95.167,36.325],[-95.16,36.343],[-95.137,36.357]],[[-95.763,38.242],[-95.835,38.269]],[[-94.866,36.854],[-94.83,36.84],[-94.812,36.826],[-94.8,36.795],[-94.772,36.79],[-94.765,36.781],[-94.767,36.762],[-94.753,36.718],[-94.755,36.698],[-94.779,36.647],[-94.828,36.626],[-94.84,36.615],[-94.848,36.562],[-94.893,36.561],[-94.948,36.53],[-94.984,36.495],[-95.026,36.48],[-95.035,36.434],[-95.085,36.446],[-95.137,36.428],[-95.146,36.416],[-95.133,36.383],[-95.13,36.363],[-95.137,36.357]],[[-95.269,36.12],[-95.26,36.092],[-95.262,36.074],[-95.307,36.037],[-95.299,36.021],[-95.257,36.006],[-95.262,35.988],[-95.28,35.972],[-95.28,35.917],[-95.269,35.9]]]}},{"type":"Feature","properties":{"layer":"rivers","name":"Nishnabotna"},"geometry":{"type":"LineString","coordinates":[[-95.62,40.654],[-95.624,40.632],[-95.636,40.615],[-95.641,40.573],[-95.654,40.561],[-95.665,40.528],[-95.696,40.518]]}},{"type":"Feature","properties":{"layer":"rivers","name":"Nodaway"},"geometry":{"type":"LineString","coordinates":[[-95.031,40.7],[-95.031,40.569],[-95.063,40.52],[-95.071,40.48],[-95.092,40.447],[-95.097,40.427],[-95.081,40.345],[-95.089,40.298],[-95.085,40.278],[-95.068,40.247],[-95.07,40.184],[-95.043,40.108],[-95.052,40.07],[-95.037,40.051],[-95.008,40.038],[-95.011,40.01],[-94.992,39.928],[-94.961,39.906]]}},{"type":"Feature","properties":{"layer":"rivers","name":"North Fork Salt"},"geometry":{"type":"MultiLineString","coordinates":[[[-92.551,40.404],[-92.53,40.382],[-92.549,40.336],[-92.545,40.322],[-92.5,40.266],[-92.462,40.235],[-92.399,40.17],[-92.372,40.112],[-92.334,40.077],[-92.329,40.051],[-92.276,39.964],[-92.255,39.857],[-92.224,39.809],[-92.154,39.774],[-92.069,39.747],[-92.045,39.743],[-92.009,39.752],[-91.969,39.722],[-91.945,39.69],[-91.916,39.682],[-91.911,39.668],[-91.915,39.638],[-91.925,39.618],[-91.918,39.6],[-91.876,39.551],[-91.86,39.523],[-91.84,39.511]],[[-91.84,39.511],[-91.787,39.499],[-91.724,39.507],[-91.674,39.531]]]}},{"type":"Feature","properties":{"layer":"rivers","name":"North Fork White"},"geometry":{"type":"LineString","coordinates":[[-92.226,36.247],[-92.268,36.224],[-92.3,36.216]]}},{"type":"Feature","properties":{"layer":"rivers","name":"Ohio"},"geometry":{"type":"LineString","coordinates":[[-88.9,37.217],[-88.956,37.228],[-89.002,37.223],[-89.044,37.209],[-89.089,37.175],[-89.123,37.124],[-89.157,37.093],[-89.179,37.062],[-89.176,37.036],[-89.124,36.98]]}},{"type":"Feature","properties":{"layer":"rivers","name":"Osage"},"geometry":{"type":"LineString","coordinates":[[-94.244,38.033],[-94.221,38.035],[-94.16,38.065],[-94.112,38.053],[-94.103,38.038],[-94.067,38.043],[-94.057,38.02],[-94.026,38.008],[-93.988,38.002],[-93.898,38.003],[-93.854,38.02],[-93.84,38.02],[-93.827,37.996],[-93.782,38.021],[-93.754,38.02],[-93.71,38.055],[-93.633,38.078],[-93.613,38.093],[-93.606,38.1],[-93.623,38.116],[-93.632,38.16],[-93.624,38.187],[-93.608,38.195],[-93.595,38.193],[-93.579,38.178],[-93.563,38.196],[-93.57,38.208],[-93.566,38.214],[-93.526,38.2],[-93.477,38.222],[-93.412,38.179],[-93.402,38.186],[-93.429,38.217],[-93.424,38.237],[-93.442,38.263],[-93.443,38.277],[-93.423,38.286],[-93.389,38.246],[-93.368,38.242],[-93.344,38.264],[-93.322,38.272],[-93.256,38.274],[-93.23,38.264],[-93.175,38.258],[-93.122,38.235],[-93.103,38.239],[-93.078,38.27],[-93.065,38.272],[-93.024,38.245],[-93.016,38.224],[-92.997,38.213],[-92.964,38.234],[-92.945,38.231],[-92.977,38.183],[-92.971,38.176],[-92.942,38.177],[-92.924,38.184],[-92.857,38.152],[-92.813,38.162],[-92.797,38.121],[-92.784,38.102],[-92.764,38.094],[-92.721,38.112],[-92.742,38.151],[-92.722,38.156],[-92.658,38.154],[-92.642,38.161],[-92.646,38.179],[-92.668,38.187],[-92.751,38.18],[-92.778,38.196],[-92.754,38.222],[-92.709,38.229],[-92.667,38.22],[-92.639,38.2],[-92.614,38.195],[-92.593,38.207],[-92.602,38.224],[-92.592,38.233],[-92.574,38.236],[-92.559,38.234],[-92.518,38.193],[-92.426,38.271],[-92.392,38.282],[-92.376,38.277],[-92.355,38.257],[-92.34,38.254],[-92.326,38.262],[-92.317,38.277],[-92.306,38.309],[-92.312,38.33],[-92.306,38.337],[-92.261,38.331],[-92.239,38.337],[-92.243,38.35],[-92.265,38.375],[-92.244,38.418],[-92.23,38.426],[-92.211,38.423],[-92.169,38.385],[-92.176,38.385],[-92.148,38.385],[-92.135,38.394],[-92.133,38.409],[-92.169,38.456],[-92.166,38.465],[-92.138,38.468],[-92.095,38.459],[-92.025,38.493],[-92.036,38.569]]}},{"type":"Feature","properties":{"layer":"rivers","name":"Osage Fork Gasconade"},"geometry":{"type":"LineString","coordinates":[[-92.442,37.763],[-92.489,37.705],[-92.469,37.69],[-92.472,37.678],[-92.487,37.664],[-92.459,37.652],[-92.458,37.64],[-92.457,37.619],[-92.479,37.581],[-92.521,37.588],[-92.536,37.566],[-92.518,37.549],[-92.528,37.546],[-92.568,37.557],[-92.608,37.543],[-92.621,37.536],[-92.622,37.522],[-92.646,37.497],[-92.705,37.488],[-92.77,37.431],[-92.756,37.41],[-92.821,37.346],[-92.826,37.332],[-92.814,37.317],[-92.777,37.295],[-92.767,37.279]]}},{"type":"Feature","properties":{"layer":"rivers","name":"Platte"},"geometry":{"type":"LineString","coordinates":[[-94.837,40.547],[-94.858,40.53],[-94.855,40.479],[-94.831,40.445],[-94.828,40.427],[-94.831,40.322],[-94.826,40.276],[-94.852,40.205],[-94.841,40.173],[-94.85,40.134],[-94.847,40.074],[-94.831,40.032],[-94.802,40.006],[-94.785,39.959],[-94.794,39.893],[-94.765,39.814],[-94.762,39.766],[-94.721,39.729],[-94.712,39.713],[-94.712,39.688],[-94.737,39.64],[-94.723,39.578],[-94.681,39.551],[-94.656,39.519],[-94.672,39.514],[-94.682,39.501],[-94.674,39.478],[-94.675,39.461],[-94.69,39.455],[-94.69,39.43],[-94.717,39.412],[-94.711,39.398],[-94.73,39.397],[-94.767,39.377],[-94.793,39.371],[-94.82,39.337],[-94.824,39.317],[-94.817,39.306],[-94.82,39.294],[-94.845,39.269]]}},{"type":"Feature","properties":{"layer":"rivers","name":"S. Fk. Forked Deer"},"geometry":{"type":"LineString","coordinates":[[-89.366,35.9],[-89.41,35.946],[-89.408,35.981],[-89.428,35.998]]}},{"type":"Feature","properties":{"layer":"rivers","name":"S. Fk. Obion"},"geometry":{"type":"LineString","coordinates":[[-89.062,36.279],[-89.032,36.282],[-88.982,36.251],[-88.9,36.171]]}},{"type":"Feature","properties":{"layer":"rivers","name":"Sac"},"geometry":{"type":"LineString","coordinates":[[-93.424,37.194],[-93.515,37.202],[-93.605,37.252],[-93.622,37.266],[-93.626,37.284],[-93.616,37.301],[-93.619,37.372],[-93.657,37.412],[-93.664,37.432],[-93.691,37.447],[-93.771,37.449],[-93.792,37.475],[-93.791,37.533],[-93.777,37.581],[-93.77,37.66],[-93.755,37.732],[-93.763,37.741],[-93.787,37.745],[-93.795,37.757],[-93.795,37.788],[-93.834,37.825],[-93.833,37.845],[-93.81,37.886],[-93.787,37.889],[-93.757,37.882],[-93.75,37.888],[-93.778,37.91],[-93.766,37.926],[-93.782,37.93],[-93.787,37.941],[-93.753,37.96],[-93.743,37.975],[-93.754,38.017]]}},{"type":"Feature","properties":{"layer":"rivers","name":"Salt"},"geometry":{"type":"LineString","coordinates":[[-91.069,39.474],[-91.125,39.506],[-91.169,39.507],[-91.182,39.517],[-91.212,39.525],[-91.219,39.552],[-91.237,39.556],[-91.271,39.542],[-91.282,39.543],[-91.308,39.565],[-91.343,39.563],[-91.346,39.577],[-91.37,39.588],[-91.393,39.615],[-91.43,39.603],[-91.444,39.613],[-91.462,39.616],[-91.511,39.604],[-91.531,39.586],[-91.557,39.602],[-91.571,39.589],[-91.58,39.562],[-91.625,39.555],[-91.612,39.533],[-91.628,39.527],[-91.674,39.531]]}},{"type":"Feature","properties":{"layer":"rivers","name":"Sangamon"},"geometry":{"type":"LineString","coordinates":[[-88.9,39.882],[-88.915,39.845],[-88.943,39.823],[-89.025,39.828],[-89.049,39.819],[-89.083,39.817],[-89.106,39.797],[-89.133,39.794],[-89.198,39.815],[-89.239,39.812],[-89.276,39.8],[-89.325,39.77],[-89.396,39.749],[-89.415,39.751],[-89.46,39.773],[-89.487,39.776],[-89.548,39.806],[-89.557,39.818],[-89.572,39.872],[-89.589,39.876],[-89.642,39.864],[-89.684,39.873],[-89.736,39.861],[-89.748,39.867],[-89.765,39.912],[-89.786,39.928],[-89.775,39.95],[-89.832,39.969],[-89.838,39.984],[-89.839,40.104],[-89.83,40.118],[-89.845,40.13],[-89.973,40.134],[-90.008,40.107],[-90.059,40.099],[-90.08,40.087],[-90.179,40.062],[-90.295,40.063],[-90.367,40.075],[-90.397,40.062],[-90.423,40.068]]}},{"type":"Feature","properties":{"layer":"rivers","name":"Spoon"},"geometry":{"type":"LineString","coordinates":[[-90.071,40.316],[-90.104,40.313],[-90.151,40.336],[-90.166,40.333],[-90.204,40.351],[-90.231,40.384],[-90.284,40.413],[-90.331,40.408],[-90.365,40.458],[-90.366,40.472],[-90.351,40.485],[-90.32,40.529],[-90.308,40.572],[-90.314,40.586],[-90.338,40.588],[-90.352,40.599],[-90.341,40.614],[-90.308,40.63],[-90.309,40.649],[-90.298,40.665],[-90.291,40.7]]}},{"type":"Feature","properties":{"layer":"rivers","name":"Spring"},"geometry":{"type":"LineString","coordinates":[[-93.731,36.937],[-93.782,36.94],[-93.797,36.952],[-93.807,36.986],[-93.823,36.999],[-93.831,37.045],[-93.862,37.09],[-93.901,37.124],[-93.935,37.141],[-94.105,37.151],[-94.169,37.16],[-94.239,37.181],[-94.341,37.187],[-94.456,37.234],[-94.496,37.266],[-94.541,37.266],[-94.599,37.221],[-94.613,37.198],[-94.644,37.187],[-94.638,37.166],[-94.619,37.14],[-94.624,37.129],[-94.66,37.136],[-94.668,37.126],[-94.662,37.105],[-94.724,37.053],[-94.727,37.039],[-94.707,36.991],[-94.725,36.971],[-94.727,36.958],[-94.75,36.938],[-94.737,36.896],[-94.755,36.869],[-94.735,36.839],[-94.739,36.821],[-94.765,36.781]]}},{"type":"Feature","properties":{"layer":"rivers","name":"St. Francis"},"geometry":{"type":"MultiLineString","coordinates":[[[-90.286,36.925],[-90.338,36.981],[-90.375,36.986],[-90.408,37.018],[-90.427,37.061],[-90.464,37.107],[-90.475,37.141],[-90.505,37.188],[-90.516,37.23],[-90.48,37.244],[-90.465,37.257],[-90.478,37.289],[-90.452,37.317],[-90.478,37.323],[-90.48,37.346],[-90.492,37.353],[-90.474,37.379],[-90.451,37.374],[-90.469,37.4],[-90.46,37.409],[-90.457,37.422],[-90.483,37.455],[-90.467,37.501],[-90.444,37.538],[-90.447,37.555],[-90.499,37.589],[-90.503,37.601],[-90.411,37.682],[-90.405,37.693],[-90.407,37.717],[-90.485,37.764],[-90.516,37.768],[-90.581,37.744],[-90.628,37.736],[-90.649,37.723],[-90.674,37.684]],[[-90.286,36.925],[-90.263,36.91],[-90.248,36.878],[-90.223,36.849],[-90.223,36.826],[-90.147,36.7],[-90.14,36.657],[-90.143,36.633],[-90.186,36.585],[-90.19,36.556],[-90.216,36.528],[-90.219,36.508],[-90.213,36.49],[-90.162,36.502],[-90.143,36.464],[-90.135,36.419],[-90.12,36.408],[-90.076,36.393],[-90.067,36.37],[-90.078,36.327],[-90.068,36.304],[-90.081,36.282],[-90.118,36.259],[-90.14,36.224],[-90.178,36.209],[-90.215,36.184],[-90.248,36.133],[-90.31,36.095],[-90.381,35.993],[-90.386,35.978],[-90.38,35.946],[-90.415,35.9]]]}},{"type":"Feature","properties":{"layer":"rivers","name":"Thompson"},"geometry":{"type":"LineString","coordinates":[[-93.619,39.753],[-93.616,39.764],[-93.631,39.794],[-93.631,39.808],[-93.607,39.841],[-93.579,39.864],[-93.579,39.875],[-93.618,39.923],[-93.618,40.005],[-93.662,40.095],[-93.709,40.135],[-93.776,40.236],[-93.784,40.261],[-93.787,40.391],[-93.824,40.505],[-93.825,40.541],[-93.833,40.551],[-93.8,40.602],[-93.804,40.634],[-93.826,40.65],[-93.857,40.659],[-93.885,40.684],[-93.893,40.7]]}},{"type":"Feature","properties":{"layer":"rivers","name":"Verdigris"},"geometry":{"type":"MultiLineString","coordinates":[[[-95.9,37.703],[-95.882,37.698],[-95.878,37.677],[-95.783,37.656],[-95.765,37.644],[-95.739,37.595],[-95.7,37.578],[-95.701,37.561],[-95.682,37.544],[-95.668,37.506],[-95.694,37.475],[-95.693,37.462],[-95.669,37.43],[-95.666,37.397],[-95.67,37.363],[-95.69,37.348],[-95.693,37.335],[-95.686,37.301],[-95.676,37.289],[-95.689,37.26],[-95.691,37.229],[-95.637,37.191],[-95.634,37.181],[-95.66,37.168],[-95.663,37.154],[-95.656,37.143],[-95.626,37.127],[-95.617,37.084],[-95.621,37.065],[-95.613,37.055],[-95.599,37.055],[-95.578,37.033],[-95.604,37.017],[-95.588,37.002],[-95.602,36.967],[-95.58,36.927],[-95.582,36.911],[-95.609,36.89],[-95.608,36.877],[-95.593,36.871],[-95.587,36.864],[-95.587,36.847],[-95.555,36.818],[-95.557,36.806],[-95.581,36.779],[-95.585,36.758],[-95.573,36.745],[-95.557,36.741],[-95.551,36.728],[-95.571,36.672],[-95.573,36.609],[-95.6,36.559],[-95.608,36.502],[-95.644,36.451],[-95.649,36.42]],[[-95.649,36.42],[-95.652,36.402],[-95.675,36.385],[-95.693,36.342],[-95.688,36.328],[-95.692,36.313],[-95.681,36.282],[-95.717,36.281],[-95.731,36.273],[-95.718,36.227],[-95.672,36.196],[-95.615,36.231],[-95.601,36.227],[-95.597,36.211],[-95.621,36.162],[-95.615,36.145],[-95.573,36.124],[-95.557,36.097],[-95.555,36.074],[-95.525,36.047],[-95.532,36.019],[-95.559,35.991],[-95.559,35.98],[-95.529,35.975],[-95.491,35.952],[-95.46,35.905],[-95.445,35.9]]]}},{"type":"Feature","properties":{"layer":"rivers","name":"West Nishnabotna"},"geometry":{"type":"LineString","coordinates":[[-95.597,40.7],[-95.62,40.654]]}},{"type":"Feature","properties":{"layer":"rivers","name":"White"},"geometry":{"type":"LineString","coordinates":[[-93.926,35.9],[-94.004,35.987],[-94.02,36.041],[-94.053,36.068],[-94.068,36.085],[-94.071,36.098],[-94.061,36.107],[-94.024,36.114],[-94.02,36.123],[-94.025,36.133],[-94.046,36.14],[-94.045,36.146],[-94.033,36.158],[-94.012,36.161],[-94.004,36.172],[-94.017,36.222],[-94.016,36.235],[-94.005,36.247],[-94.052,36.281],[-94.029,36.296],[-94.018,36.319],[-94.03,36.357],[-94.02,36.362],[-93.954,36.355],[-93.943,36.37],[-93.913,36.361],[-93.896,36.364],[-93.88,36.382],[-93.893,36.402],[-93.874,36.415],[-93.844,36.449],[-93.827,36.461],[-93.786,36.473],[-93.793,36.487],[-93.774,36.495],[-93.728,36.541],[-93.695,36.548],[-93.679,36.557],[-93.671,36.573],[-93.648,36.582],[-93.638,36.6],[-93.621,36.61],[-93.564,36.595],[-93.551,36.6],[-93.547,36.614],[-93.53,36.592],[-93.504,36.617],[-93.484,36.613],[-93.474,36.599],[-93.443,36.617],[-93.415,36.621],[-93.402,36.618],[-93.402,36.593],[-93.383,36.582],[-93.372,36.583],[-93.35,36.602],[-93.321,36.599],[-93.266,36.616],[-93.244,36.645],[-93.224,36.655],[-93.217,36.679],[-93.208,36.688],[-93.156,36.703],[-93.147,36.698],[-93.151,36.671],[-93.115,36.685],[-93.098,36.686],[-93.09,36.679],[-93.08,36.646],[-93.068,36.631],[-93.085,36.605],[-93.109,36.593],[-93.08,36.574],[-93.081,36.543],[-93.068,36.528],[-92.989,36.489],[-92.913,36.479],[-92.859,36.459],[-92.805,36.486],[-92.786,36.488],[-92.747,36.475],[-92.74,36.467],[-92.743,36.443],[-92.732,36.437],[-92.685,36.452],[-92.678,36.449],[-92.666,36.423],[-92.612,36.401],[-92.574,36.394],[-92.585,36.363],[-92.58,36.349],[-92.543,36.357],[-92.541,36.348],[-92.563,36.33],[-92.564,36.32],[-92.542,36.315],[-92.528,36.267],[-92.498,36.278],[-92.484,36.267],[-92.471,36.233],[-92.474,36.206],[-92.453,36.183],[-92.436,36.178],[-92.443,36.178],[-92.371,36.206],[-92.351,36.226],[-92.312,36.233],[-92.3,36.216],[-92.303,36.172],[-92.248,36.169],[-92.23,36.144],[-92.196,36.117],[-92.162,36.125],[-92.152,36.12],[-92.122,36.072],[-92.086,36.062],[-92.072,36.048],[-92.092,36.035],[-92.1,36.017],[-92.094,35.983],[-92.107,35.953],[-92.107,35.933],[-92.056,35.945],[-92.033,35.943],[-92.019,35.931],[-91.984,35.945],[-91.964,35.936],[-91.929,35.9]]}},{"type":"Feature","properties":{"layer":"lakes","name":"Beaver Lake"},"geometry":{"type":"Polygon","coordinates":[[[-93.878,36.394],[-93.878,36.403],[-93.859,36.42],[-93.854,36.432],[-93.858,36.44],[-93.867,36.444],[-93.875,36.439],[-93.879,36.42],[-93.911,36.406],[-93.909,36.396],[-93.893,36.382],[-93.894,36.374],[-93.921,36.377],[-93.944,36.393],[-93.951,36.389],[-93.96,36.366],[-93.976,36.364],[-94.003,36.371],[-94.054,36.369],[-94.029,36.34],[-94.039,36.326],[-94.039,36.305],[-94.06,36.284],[-94.061,36.271],[-94.045,36.266],[-94.034,36.256],[-94.017,36.174],[-94.004,36.17],[-94.009,36.224],[-94.001,36.232],[-93.982,36.226],[-93.969,36.231],[-93.95,36.248],[-93.95,36.259],[-93.98,36.247],[-94.012,36.259],[-94.038,36.279],[-94.018,36.297],[-94.008,36.341],[-93.993,36.346],[-93.937,36.34],[-93.933,36.32],[-93.903,36.318],[-93.894,36.326],[-93.893,36.339],[-93.884,36.35],[-93.846,36.373],[-93.838,36.387],[-93.878,36.394]]]}},{"type":"Feature","properties":{"layer":"lakes","name":"Bull Shoals Lake"},"geometry":{"type":"Polygon","coordinates":[[[-92.555,36.403],[-92.571,36.401],[-92.616,36.412],[-92.659,36.428],[-92.665,36.438],[-92.635,36.45],[-92.626,36.457],[-92.624,36.469],[-92.629,36.535],[-92.66,36.55],[-92.664,36.557],[-92.66,36.578],[-92.634,36.628],[-92.644,36.621],[-92.673,36.561],[-92.674,36.551],[-92.654,36.535],[-92.656,36.493],[-92.663,36.48],[-92.699,36.457],[-92.714,36.454],[-92.727,36.46],[-92.734,36.495],[-92.774,36.534],[-92.78,36.523],[-92.76,36.502],[-92.755,36.492],[-92.761,36.487],[-92.787,36.499],[-92.806,36.497],[-92.833,36.486],[-92.855,36.461],[-92.872,36.466],[-92.899,36.486],[-92.932,36.494],[-92.944,36.508],[-92.956,36.535],[-92.965,36.542],[-92.965,36.53],[-92.955,36.513],[-92.958,36.502],[-92.978,36.492],[-92.993,36.519],[-93.006,36.524],[-93.035,36.52],[-93.067,36.532],[-93.076,36.543],[-93.072,36.56],[-93.077,36.599],[-93.074,36.611],[-93.052,36.635],[-93.08,36.656],[-93.085,36.689],[-93.132,36.686],[-93.142,36.693],[-93.148,36.708],[-93.172,36.703],[-93.153,36.702],[-93.16,36.667],[-93.154,36.658],[-93.143,36.66],[-93.113,36.681],[-93.098,36.677],[-93.081,36.625],[-93.083,36.615],[-93.089,36.609],[-93.121,36.61],[-93.127,36.598],[-93.112,36.58],[-93.088,36.572],[-93.083,36.561],[-93.086,36.54],[-93.048,36.509],[-93.024,36.479],[-93.013,36.474],[-92.989,36.481],[-92.954,36.471],[-92.958,36.443],[-92.939,36.458],[-92.928,36.461],[-92.918,36.455],[-92.913,36.434],[-92.92,36.409],[-92.906,36.404],[-92.897,36.414],[-92.906,36.454],[-92.898,36.468],[-92.859,36.456],[-92.834,36.466],[-92.809,36.467],[-92.788,36.479],[-92.778,36.476],[-92.768,36.462],[-92.757,36.422],[-92.747,36.418],[-92.693,36.439],[-92.672,36.416],[-92.644,36.406],[-92.622,36.392],[-92.584,36.386],[-92.586,36.372],[-92.576,36.373],[-92.516,36.412],[-92.536,36.413],[-92.555,36.403]]]}},{"type":"Feature","properties":{"layer":"lakes","name":"Carlyle Lake"},"geometry":{"type":"Polygon","coordinates":[[[-89.245,38.778],[-89.318,38.675],[-89.341,38.659],[-89.355,38.633],[-89.354,38.623],[-89.326,38.621],[-89.288,38.636],[-89.24,38.687],[-89.235,38.698],[-89.234,38.73],[-89.206,38.722],[-89.204,38.73],[-89.213,38.751],[-89.211,38.775],[-89.218,38.783],[-89.245,38.778]]]}},{"type":"Feature","properties":{"layer":"lakes","name":"Clinton Lake"},"geometry":{"type":"Polygon","coordinates":[[[-95.322,38.917],[-95.328,38.931],[-95.377,38.935],[-95.412,38.95],[-95.423,38.945],[-95.432,38.906],[-95.395,38.919],[-95.381,38.92],[-95.365,38.913],[-95.394,38.897],[-95.373,38.894],[-95.336,38.902],[-95.326,38.908],[-95.322,38.917]]]}},{"type":"Feature","properties":{"layer":"lakes","name":"Fort Gibson Lake"},"geometry":{"type":"Polygon","coordinates":[[[-95.287,35.9],[-95.233,35.9],[-95.222,35.915],[-95.206,35.922],[-95.201,35.931],[-95.227,35.929],[-95.261,35.903],[-95.273,35.961],[-95.265,35.976],[-95.242,36.0],[-95.241,36.012],[-95.285,36.021],[-95.299,36.026],[-95.301,36.034],[-95.265,36.062],[-95.259,36.075],[-95.26,36.104],[-95.269,36.12],[-95.262,36.088],[-95.269,36.071],[-95.304,36.048],[-95.329,36.045],[-95.339,36.04],[-95.333,36.029],[-95.305,36.015],[-95.267,36.006],[-95.269,35.993],[-95.286,35.981],[-95.326,35.994],[-95.337,35.993],[-95.327,35.982],[-95.301,35.967],[-95.285,35.947],[-95.289,35.934],[-95.323,35.91],[-95.316,35.9],[-95.287,35.9]]]}},{"type":"Feature","properties":{"layer":"lakes","name":"Harry S. Truman Reservoir"},"geometry":{"type":"Polygon","coordinates":[[[-93.403,38.274],[-93.418,38.307],[-93.445,38.305],[-93.461,38.309],[-93.505,38.336],[-93.543,38.37],[-93.578,38.378],[-93.628,38.4],[-93.632,38.395],[-93.626,38.387],[-93.588,38.363],[-93.54,38.345],[-93.518,38.322],[-93.488,38.302],[-93.479,38.289],[-93.48,38.273],[-93.514,38.274],[-93.536,38.293],[-93.638,38.282],[-93.676,38.268],[-93.706,38.271],[-93.727,38.285],[-93.741,38.312],[-93.795,38.333],[-93.837,38.36],[-93.835,38.351],[-93.815,38.334],[-93.762,38.309],[-93.764,38.287],[-93.756,38.278],[-93.74,38.271],[-93.701,38.26],[-93.647,38.257],[-93.589,38.258],[-93.544,38.273],[-93.528,38.272],[-93.456,38.26],[-93.443,38.253],[-93.435,38.242],[-93.434,38.23],[-93.444,38.225],[-93.472,38.23],[-93.517,38.218],[-93.532,38.22],[-93.556,38.232],[-93.574,38.23],[-93.599,38.21],[-93.625,38.198],[-93.633,38.192],[-93.635,38.178],[-93.626,38.11],[-93.637,38.083],[-93.648,38.075],[-93.681,38.068],[-93.715,38.054],[-93.74,38.036],[-93.754,38.017],[-93.74,38.019],[-93.715,38.052],[-93.682,38.063],[-93.638,38.07],[-93.621,38.085],[-93.595,38.088],[-93.586,38.095],[-93.594,38.107],[-93.612,38.113],[-93.623,38.128],[-93.623,38.161],[-93.619,38.175],[-93.608,38.186],[-93.595,38.167],[-93.573,38.165],[-93.558,38.187],[-93.549,38.193],[-93.538,38.195],[-93.503,38.19],[-93.492,38.205],[-93.475,38.213],[-93.468,38.206],[-93.467,38.196],[-93.477,38.186],[-93.493,38.183],[-93.488,38.171],[-93.463,38.165],[-93.454,38.17],[-93.444,38.185],[-93.434,38.185],[-93.425,38.176],[-93.424,38.164],[-93.434,38.148],[-93.436,38.133],[-93.426,38.121],[-93.416,38.135],[-93.401,38.138],[-93.394,38.132],[-93.387,38.103],[-93.378,38.094],[-93.351,38.085],[-93.343,38.074],[-93.347,38.036],[-93.327,38.023],[-93.316,38.026],[-93.338,38.04],[-93.337,38.065],[-93.349,38.092],[-93.376,38.109],[-93.359,38.131],[-93.359,38.14],[-93.387,38.172],[-93.384,38.183],[-93.386,38.207],[-93.409,38.218],[-93.416,38.244],[-93.435,38.265],[-93.426,38.275],[-93.414,38.269],[-93.403,38.274]]]}},{"type":"Feature","properties":{"layer":"lakes","name":"John Redmond Reservoir"},"geometry":{"type":"Polygon","coordinates":[[[-95.792,38.27],[-95.814,38.281],[-95.826,38.28],[-95.834,38.273],[-95.837,38.256],[-95.827,38.228],[-95.814,38.221],[-95.799,38.224],[-95.763,38.242],[-95.76,38.255],[-95.792,38.27]]]}},{"type":"Feature","properties":{"layer":"lakes","name":"Lake Oolagah"},"geometry":{"type":"Polygon","coordinates":[[[-95.542,36.606],[-95.536,36.64],[-95.56,36.659],[-95.565,36.668],[-95.571,36.672],[-95.6,36.653],[-95.594,36.614],[-95.597,36.597],[-95.614,36.572],[-95.644,36.55],[-95.636,36.517],[-95.628,36.511],[-95.625,36.499],[-95.653,36.472],[-95.675,36.461],[-95.675,36.429],[-95.664,36.42],[-95.644,36.42],[-95.598,36.455],[-95.616,36.472],[-95.587,36.495],[-95.576,36.523],[-95.584,36.548],[-95.581,36.561],[-95.553,36.585],[-95.542,36.606]]]}},{"type":"Feature","properties":{"layer":"lakes","name":"Lake Wappapello"},"geometry":{"type":"Polygon","coordinates":[[[-90.313,36.971],[-90.339,36.984],[-90.383,36.995],[-90.405,37.019],[-90.427,37.074],[-90.436,37.084],[-90.448,37.087],[-90.413,37.019],[-90.379,36.977],[-90.371,36.971],[-90.338,36.977],[-90.313,36.929],[-90.302,36.921],[-90.282,36.927],[-90.313,36.971]]]}},{"type":"Feature","properties":{"layer":"lakes","name":"Lake o' the Cherokees"},"geometry":{"type":"Polygon","coordinates":[[[-94.792,36.629],[-94.737,36.64],[-94.696,36.639],[-94.688,36.649],[-94.747,36.658],[-94.763,36.663],[-94.767,36.672],[-94.743,36.702],[-94.735,36.73],[-94.738,36.744],[-94.761,36.765],[-94.756,36.779],[-94.74,36.797],[-94.722,36.839],[-94.725,36.848],[-94.736,36.845],[-94.748,36.822],[-94.766,36.802],[-94.794,36.796],[-94.802,36.808],[-94.801,36.825],[-94.821,36.843],[-94.856,36.856],[-94.872,36.852],[-94.833,36.838],[-94.819,36.828],[-94.813,36.819],[-94.827,36.801],[-94.777,36.788],[-94.769,36.782],[-94.784,36.77],[-94.77,36.746],[-94.778,36.725],[-94.76,36.697],[-94.784,36.679],[-94.784,36.653],[-94.801,36.642],[-94.829,36.644],[-94.852,36.623],[-94.858,36.598],[-94.848,36.576],[-94.855,36.569],[-94.9,36.573],[-94.887,36.605],[-94.897,36.624],[-94.908,36.621],[-94.919,36.6],[-94.919,36.563],[-94.925,36.551],[-94.96,36.53],[-94.994,36.494],[-95.021,36.499],[-95.039,36.488],[-95.045,36.479],[-95.035,36.445],[-95.039,36.437],[-95.076,36.451],[-95.094,36.451],[-95.168,36.428],[-95.196,36.433],[-95.175,36.418],[-95.136,36.376],[-95.14,36.36],[-95.133,36.353],[-95.123,36.358],[-95.117,36.366],[-95.139,36.411],[-95.134,36.424],[-95.122,36.432],[-95.082,36.443],[-95.036,36.428],[-95.029,36.436],[-95.027,36.471],[-94.969,36.494],[-94.955,36.505],[-94.938,36.531],[-94.913,36.538],[-94.88,36.558],[-94.846,36.54],[-94.817,36.551],[-94.799,36.568],[-94.826,36.571],[-94.84,36.589],[-94.808,36.625],[-94.792,36.629]]]}},{"type":"Feature","properties":{"layer":"lakes","name":"Lake of the Ozarks"},"geometry":{"type":"Polygon","coordinates":[[[-93.034,38.261],[-93.044,38.262],[-93.044,38.256],[-93.023,38.228],[-93.028,38.202],[-93.025,38.192],[-93.006,38.187],[-92.968,38.22],[-92.955,38.225],[-92.958,38.215],[-92.983,38.185],[-92.988,38.173],[-92.978,38.167],[-92.947,38.17],[-92.924,38.179],[-92.899,38.17],[-92.87,38.145],[-92.822,38.157],[-92.814,38.155],[-92.819,38.139],[-92.797,38.105],[-92.825,38.08],[-92.866,38.073],[-92.875,38.067],[-92.843,38.047],[-92.832,38.024],[-92.803,38.02],[-92.798,38.027],[-92.815,38.04],[-92.82,38.051],[-92.811,38.076],[-92.8,38.085],[-92.754,38.076],[-92.74,38.1],[-92.719,38.104],[-92.708,38.113],[-92.732,38.146],[-92.719,38.153],[-92.667,38.139],[-92.663,38.129],[-92.676,38.113],[-92.673,38.101],[-92.646,38.101],[-92.625,38.094],[-92.614,38.096],[-92.606,38.107],[-92.638,38.126],[-92.641,38.149],[-92.632,38.171],[-92.639,38.184],[-92.654,38.19],[-92.718,38.194],[-92.753,38.19],[-92.758,38.202],[-92.743,38.217],[-92.726,38.219],[-92.648,38.203],[-92.634,38.206],[-92.642,38.218],[-92.673,38.233],[-92.741,38.24],[-92.747,38.247],[-92.743,38.262],[-92.787,38.29],[-92.802,38.283],[-92.796,38.271],[-92.756,38.239],[-92.76,38.225],[-92.797,38.208],[-92.784,38.196],[-92.741,38.172],[-92.705,38.171],[-92.673,38.181],[-92.659,38.18],[-92.649,38.167],[-92.667,38.157],[-92.737,38.161],[-92.754,38.155],[-92.754,38.142],[-92.734,38.125],[-92.733,38.113],[-92.759,38.104],[-92.774,38.104],[-92.792,38.123],[-92.801,38.136],[-92.801,38.162],[-92.805,38.172],[-92.833,38.169],[-92.858,38.156],[-92.872,38.161],[-92.89,38.177],[-92.923,38.188],[-92.938,38.19],[-92.964,38.179],[-92.967,38.193],[-92.939,38.219],[-92.941,38.243],[-92.951,38.25],[-92.996,38.233],[-93.009,38.237],[-93.034,38.261]]]}},{"type":"Feature","properties":{"layer":"lakes","name":"Mark Twain Lake"},"geometry":{"type":"Polygon","coordinates":[[[-91.717,39.541],[-91.708,39.532],[-91.706,39.521],[-91.715,39.517],[-91.741,39.525],[-91.759,39.525],[-91.804,39.508],[-91.823,39.517],[-91.836,39.516],[-91.841,39.509],[-91.821,39.497],[-91.817,39.488],[-91.851,39.488],[-91.896,39.478],[-91.905,39.473],[-91.906,39.465],[-91.898,39.459],[-91.865,39.47],[-91.847,39.471],[-91.836,39.463],[-91.831,39.453],[-91.837,39.431],[-91.831,39.419],[-91.817,39.427],[-91.807,39.453],[-91.789,39.474],[-91.755,39.492],[-91.713,39.493],[-91.681,39.519],[-91.674,39.531],[-91.679,39.543],[-91.69,39.552],[-91.705,39.554],[-91.717,39.541]]]}},{"type":"Feature","properties":{"layer":"lakes","name":"Melvern Lake"},"geometry":{"type":"Polygon","coordinates":[[[-95.728,38.519],[-95.78,38.511],[-95.802,38.503],[-95.85,38.497],[-95.861,38.492],[-95.866,38.484],[-95.854,38.479],[-95.779,38.49],[-95.718,38.509],[-95.728,38.519]]]}},{"type":"Feature","properties":{"layer":"lakes","name":"Norfork Lake"},"geometry":{"type":"Polygon","coordinates":[[[-92.28,36.34],[-92.237,36.258],[-92.226,36.247],[-92.184,36.276],[-92.143,36.288],[-92.141,36.3],[-92.164,36.313],[-92.183,36.293],[-92.218,36.273],[-92.225,36.284],[-92.226,36.298],[-92.245,36.322],[-92.232,36.347],[-92.231,36.398],[-92.239,36.403],[-92.26,36.396],[-92.288,36.407],[-92.289,36.415],[-92.271,36.432],[-92.267,36.455],[-92.252,36.475],[-92.252,36.487],[-92.258,36.516],[-92.276,36.533],[-92.272,36.557],[-92.285,36.581],[-92.288,36.58],[-92.28,36.558],[-92.293,36.533],[-92.266,36.511],[-92.262,36.489],[-92.265,36.478],[-92.286,36.461],[-92.287,36.444],[-92.301,36.436],[-92.313,36.413],[-92.33,36.401],[-92.322,36.393],[-92.263,36.375],[-92.25,36.366],[-92.25,36.351],[-92.271,36.347],[-92.28,36.34]]]}},{"type":"Feature","properties":{"layer":"lakes","name":"Perry Lake"},"geometry":{"type":"Polygon","coordinates":[[[-95.432,39.118],[-95.435,39.133],[-95.448,39.148],[-95.448,39.182],[-95.46,39.19],[-95.455,39.233],[-95.44,39.257],[-95.449,39.271],[-95.462,39.269],[-95.482,39.257],[-95.486,39.246],[-95.466,39.228],[-95.481,39.198],[-95.478,39.183],[-95.461,39.156],[-95.458,39.13],[-95.442,39.115],[-95.432,39.118]]]}},{"type":"Feature","properties":{"layer":"lakes","name":"Pomme de Terre Lake"},"geometry":{"type":"Polygon","coordinates":[[[-93.301,37.873],[-93.296,37.881],[-93.298,37.89],[-93.313,37.9],[-93.323,37.896],[-93.337,37.881],[-93.36,37.881],[-93.369,37.877],[-93.373,37.866],[-93.368,37.831],[-93.378,37.816],[-93.376,37.806],[-93.358,37.809],[-93.353,37.823],[-93.354,37.859],[-93.32,37.86],[-93.301,37.873]]]}},{"type":"Feature","properties":{"layer":"lakes","name":"Rend Lake"},"geometry":{"type":"Polygon","coordinates":[[[-88.929,38.167],[-88.936,38.177],[-88.95,38.178],[-88.976,38.169],[-89.0,38.172],[-89.01,38.163],[-88.998,38.103],[-89.003,38.066],[-89.0,38.054],[-88.991,38.045],[-88.976,38.043],[-88.963,38.052],[-88.945,38.074],[-88.939,38.087],[-88.941,38.097],[-88.952,38.105],[-88.946,38.127],[-88.928,38.154],[-88.929,38.167]]]}},{"type":"Feature","properties":{"layer":"lakes","name":"Stockton Lake"},"geometry":{"type":"Polygon","coordinates":[[[-93.713,37.558],[-93.7,37.549],[-93.694,37.562],[-93.68,37.566],[-93.635,37.552],[-93.558,37.537],[-93.564,37.544],[-93.643,37.571],[-93.693,37.597],[-93.722,37.63],[-93.751,37.651],[-93.753,37.682],[-93.76,37.69],[-93.772,37.685],[-93.786,37.662],[-93.789,37.586],[-93.809,37.526],[-93.797,37.505],[-93.802,37.486],[-93.792,37.475],[-93.781,37.495],[-93.785,37.531],[-93.753,37.61],[-93.723,37.585],[-93.713,37.558]]]}},{"type":"Feature","properties":{"layer":"lakes","name":"Table Rock Lake"},"geometry":{"type":"Polygon","coordinates":[[[-93.59,36.592],[-93.551,36.583],[-93.5,36.559],[-93.492,36.566],[-93.494,36.58],[-93.488,36.593],[-93.476,36.594],[-93.45,36.586],[-93.407,36.585],[-93.39,36.573],[-93.374,36.573],[-93.347,36.585],[-93.34,36.58],[-93.339,36.569],[-93.315,36.555],[-93.306,36.507],[-93.299,36.499],[-93.29,36.501],[-93.288,36.55],[-93.304,36.575],[-93.31,36.611],[-93.327,36.632],[-93.355,36.643],[-93.363,36.636],[-93.359,36.613],[-93.363,36.599],[-93.372,36.593],[-93.383,36.593],[-93.388,36.604],[-93.387,36.624],[-93.404,36.646],[-93.416,36.648],[-93.451,36.636],[-93.466,36.645],[-93.461,36.666],[-93.465,36.678],[-93.498,36.69],[-93.519,36.668],[-93.529,36.668],[-93.536,36.674],[-93.518,36.693],[-93.51,36.707],[-93.51,36.718],[-93.519,36.727],[-93.539,36.728],[-93.556,36.678],[-93.554,36.667],[-93.549,36.658],[-93.486,36.642],[-93.493,36.633],[-93.531,36.62],[-93.554,36.632],[-93.563,36.63],[-93.559,36.609],[-93.567,36.6],[-93.581,36.603],[-93.605,36.621],[-93.62,36.626],[-93.631,36.623],[-93.639,36.607],[-93.647,36.601],[-93.666,36.6],[-93.681,36.592],[-93.687,36.563],[-93.731,36.546],[-93.752,36.528],[-93.75,36.521],[-93.711,36.534],[-93.686,36.533],[-93.667,36.564],[-93.645,36.57],[-93.622,36.589],[-93.59,36.592]]]}},{"type":"Feature","properties":{"layer":"lakes","name":"Thomas Hill Reservoir"},"geometry":{"type":"Polygon","coordinates":[[[-92.604,39.649],[-92.605,39.662],[-92.614,39.66],[-92.641,39.594],[-92.635,39.586],[-92.623,39.582],[-92.615,39.59],[-92.617,39.612],[-92.604,39.649]]]}},{"type":"Feature","properties":{"layer":"ecoregions","name":"Central Irregular Plains"},"geometry":{"type":"MultiPolygon","coordinates":[[[[-94.216,39.058],[-94.192,39.092],[-94.227,39.118],[-94.296,39.115],[-94.345,39.069],[-94.388,39.054],[-94.496,39.084],[-94.607,39.089],[-94.618,37.162],[-94.608,37.222],[-94.583,37.259],[-94.596,37.279],[-94.568,37.31],[-94.411,37.303],[-94.355,37.35],[-94.288,37.362],[-94.251,37.35],[-94.196,37.392],[-94.137,37.392],[-94.172,37.424],[-94.169,37.471],[-94.063,37.42],[-94.002,37.426],[-93.991,37.454],[-94.002,37.585],[-93.966,37.624],[-93.927,37.626],[-93.955,37.659],[-93.931,37.714],[-93.954,37.728],[-93.987,37.71],[-94.01,37.666],[-94.033,37.663],[-94.061,37.684],[-94.042,37.701],[-94.054,37.711],[-93.995,37.734],[-93.982,37.759],[-93.91,37.782],[-93.913,37.803],[-93.952,37.794],[-93.958,37.826],[-93.894,37.856],[-93.87,37.898],[-93.753,37.984],[-93.769,38.001],[-93.831,37.96],[-93.877,37.974],[-93.889,38.024],[-93.946,38.08],[-93.907,38.08],[-93.841,38.123],[-93.822,38.082],[-93.782,38.075],[-93.775,38.053],[-93.735,38.066],[-93.737,38.079],[-93.782,38.093],[-93.782,38.116],[-93.713,38.118],[-93.7,38.07],[-93.68,38.097],[-93.655,38.096],[-93.686,38.131],[-93.66,38.151],[-93.67,38.179],[-93.588,38.226],[-93.62,38.24],[-93.614,38.303],[-93.591,38.306],[-93.571,38.287],[-93.516,38.296],[-93.539,38.325],[-93.534,38.345],[-93.462,38.374],[-93.406,38.37],[-93.399,38.405],[-93.367,38.408],[-93.354,38.393],[-93.369,38.376],[-93.355,38.354],[-93.377,38.332],[-93.362,38.302],[-93.294,38.315],[-93.307,38.333],[-93.27,38.36],[-93.313,38.387],[-93.312,38.422],[-93.223,38.428],[-93.197,38.46],[-93.176,38.443],[-93.158,38.459],[-93.137,38.454],[-93.097,38.478],[-93.084,38.525],[-93.151,38.499],[-93.154,38.552],[-93.168,38.562],[-93.151,38.591],[-93.18,38.619],[-93.204,38.609],[-93.253,38.631],[-93.291,38.625],[-93.276,38.663],[-93.197,38.681],[-93.085,38.655],[-93.064,38.673],[-93.034,38.663],[-93.028,38.678],[-93.056,38.73],[-93.096,38.72],[-93.152,38.735],[-93.125,38.756],[-93.148,38.775],[-93.166,38.767],[-93.195,38.782],[-93.205,38.772],[-93.194,38.752],[-93.209,38.744],[-93.249,38.758],[-93.288,38.749],[-93.286,38.776],[-93.239,38.806],[-93.249,38.832],[-93.156,38.823],[-93.091,38.87],[-93.113,38.902],[-93.154,38.872],[-93.176,38.89],[-93.209,38.867],[-93.209,38.893],[-93.249,38.886],[-93.248,38.904],[-93.164,38.929],[-93.163,38.964],[-93.208,38.96],[-93.255,38.926],[-93.27,38.93],[-93.27,38.953],[-93.369,38.947],[-93.436,38.962],[-93.485,38.943],[-93.59,38.954],[-93.818,38.934],[-93.879,38.944],[-93.939,38.992],[-93.94,39.015],[-93.894,39.08],[-93.904,39.11],[-93.926,39.113],[-94.001,39.062],[-94.117,39.036],[-94.194,39.026],[-94.211,39.031],[-94.216,39.058]]],[[[-91.707,40.593],[-91.729,40.614],[-94.471,40.571],[-94.555,40.55],[-94.585,40.526],[-94.649,40.389],[-94.701,40.219],[-94.66,39.937],[-94.588,39.772],[-94.621,39.635],[-94.594,39.449],[-94.531,39.412],[-94.407,39.393],[-94.274,39.318],[-94.152,39.312],[-94.019,39.234],[-93.861,39.327],[-93.738,39.345],[-93.693,39.335],[-93.612,39.374],[-93.472,39.383],[-93.278,39.366],[-93.219,39.399],[-93.275,39.469],[-93.284,39.559],[-93.263,39.598],[-93.234,39.614],[-93.146,39.629],[-93.132,39.611],[-93.186,39.456],[-93.139,39.425],[-93.084,39.435],[-93.006,39.401],[-92.951,39.398],[-92.938,39.359],[-92.882,39.313],[-92.855,39.336],[-92.775,39.309],[-92.752,39.288],[-92.745,39.25],[-92.776,39.176],[-92.735,39.194],[-92.688,39.257],[-92.598,39.306],[-92.457,39.282],[-92.444,39.243],[-92.473,39.153],[-92.468,39.082],[-92.422,39.041],[-92.375,39.042],[-92.328,38.975],[-92.273,38.97],[-92.258,38.954],[-92.264,38.93],[-92.31,38.911],[-92.295,38.867],[-92.257,38.841],[-92.303,38.806],[-92.301,38.777],[-92.276,38.76],[-92.205,38.778],[-92.155,38.819],[-92.181,38.852],[-92.158,38.876],[-92.105,38.881],[-92.074,38.861],[-92.073,38.84],[-92.094,38.823],[-92.08,38.804],[-92.053,38.805],[-92.058,38.827],[-92.033,38.867],[-92.004,38.823],[-91.977,38.817],[-91.974,38.838],[-92.0,38.859],[-92.004,38.884],[-91.961,38.889],[-91.991,38.927],[-91.895,38.947],[-91.901,38.965],[-91.959,38.985],[-91.948,39.003],[-91.822,38.974],[-91.815,38.935],[-91.773,38.918],[-91.742,38.885],[-91.65,38.912],[-91.649,38.927],[-91.692,38.926],[-91.722,38.964],[-91.769,38.961],[-91.731,38.993],[-91.776,39.014],[-91.766,39.041],[-91.742,39.054],[-91.779,39.072],[-91.722,39.098],[-91.668,39.067],[-91.645,39.088],[-91.595,39.062],[-91.566,39.068],[-91.572,39.005],[-91.598,38.989],[-91.58,38.962],[-91.543,38.97],[-91.496,38.936],[-91.543,38.919],[-91.516,38.889],[-91.462,38.897],[-91.463,38.874],[-91.391,38.877],[-91.33,38.846],[-91.207,38.824],[-91.155,38.792],[-91.117,38.804],[-91.09,38.776],[-91.054,38.787],[-91.038,38.774],[-91.032,38.717],[-90.998,38.721],[-90.959,38.676],[-90.935,38.672],[-90.927,38.685],[-90.953,38.704],[-90.953,38.731],[-90.893,38.752],[-90.988,38.808],[-90.924,38.808],[-90.926,38.822],[-91.051,38.837],[-91.088,38.827],[-91.076,38.851],[-91.09,38.86],[-91.128,38.852],[-91.154,38.821],[-91.198,38.861],[-91.192,38.896],[-91.149,38.896],[-91.103,38.961],[-90.935,38.904],[-90.912,38.928],[-90.929,38.98],[-91.039,38.995],[-91.188,38.968],[-91.223,38.933],[-91.224,38.894],[-91.24,38.891],[-91.274,38.922],[-91.241,38.997],[-91.324,38.973],[-91.279,39.04],[-91.344,39.032],[-91.345,39.055],[-91.433,39.041],[-91.42,39.066],[-91.365,39.084],[-91.364,39.104],[-91.437,39.091],[-91.524,39.109],[-91.435,39.137],[-91.456,39.153],[-91.497,39.152],[-91.49,39.173],[-91.402,39.177],[-91.369,39.167],[-91.359,39.141],[-91.318,39.115],[-91.288,39.117],[-91.197,39.056],[-91.127,39.049],[-91.197,39.083],[-91.241,39.133],[-91.244,39.159],[-91.325,39.166],[-91.366,39.189],[-91.357,39.232],[-91.392,39.242],[-91.409,39.269],[-91.402,39.291],[-91.373,39.304],[-91.345,39.294],[-91.316,39.254],[-91.249,39.273],[-91.201,39.225],[-91.206,39.272],[-91.185,39.291],[-91.153,39.292],[-91.127,39.261],[-91.075,39.262],[-91.104,39.31],[-91.198,39.344],[-91.215,39.382],[-91.278,39.357],[-91.296,39.404],[-91.362,39.436],[-91.379,39.423],[-91.355,39.403],[-91.358,39.384],[-91.389,39.356],[-91.418,39.359],[-91.462,39.406],[-91.453,39.447],[-91.501,39.405],[-91.515,39.406],[-91.525,39.433],[-91.566,39.415],[-91.528,39.499],[-91.497,39.491],[-91.44,39.539],[-91.368,39.543],[-91.373,39.559],[-91.393,39.56],[-91.395,39.582],[-91.423,39.56],[-91.457,39.561],[-91.504,39.536],[-91.533,39.542],[-91.606,39.511],[-91.621,39.477],[-91.663,39.447],[-91.668,39.414],[-91.645,39.388],[-91.676,39.37],[-91.71,39.375],[-91.69,39.402],[-91.731,39.429],[-91.708,39.442],[-91.712,39.46],[-91.792,39.446],[-91.77,39.278],[-91.791,39.285],[-91.809,39.322],[-91.844,39.313],[-91.861,39.329],[-91.915,39.329],[-91.907,39.349],[-91.849,39.361],[-91.862,39.372],[-91.849,39.395],[-91.9,39.408],[-91.872,39.428],[-91.883,39.438],[-91.954,39.411],[-91.976,39.417],[-91.973,39.449],[-91.946,39.457],[-91.991,39.468],[-91.981,39.503],[-91.922,39.498],[-91.902,39.512],[-91.962,39.524],[-91.967,39.543],[-91.935,39.565],[-92.007,39.587],[-91.966,39.621],[-91.947,39.662],[-91.883,39.661],[-91.878,39.592],[-91.84,39.571],[-91.836,39.547],[-91.786,39.544],[-91.786,39.58],[-91.817,39.601],[-91.804,39.624],[-91.758,39.602],[-91.739,39.631],[-91.686,39.604],[-91.662,39.572],[-91.649,39.582],[-91.68,39.62],[-91.628,39.629],[-91.617,39.656],[-91.551,39.636],[-91.532,39.644],[-91.546,39.653],[-91.534,39.672],[-91.469,39.659],[-91.502,39.684],[-91.501,39.736],[-91.446,39.71],[-91.426,39.718],[-91.479,39.759],[-91.572,39.732],[-91.569,39.665],[-91.596,39.669],[-91.59,39.686],[-91.619,39.721],[-91.654,39.684],[-91.699,39.693],[-91.702,39.726],[-91.734,39.707],[-91.757,39.715],[-91.763,39.672],[-91.798,39.701],[-91.859,39.69],[-91.862,39.732],[-91.821,39.738],[-91.841,39.76],[-91.772,39.757],[-91.75,39.786],[-91.811,39.77],[-91.794,39.799],[-91.859,39.781],[-91.86,39.826],[-91.911,39.8],[-91.986,39.827],[-91.924,39.867],[-91.96,39.881],[-91.951,39.905],[-91.98,39.913],[-91.989,39.932],[-91.937,39.935],[-91.874,39.913],[-91.874,39.895],[-91.838,39.877],[-91.741,39.875],[-91.661,39.833],[-91.613,39.858],[-91.607,39.91],[-91.566,39.89],[-91.526,39.923],[-91.527,39.938],[-91.614,39.95],[-91.629,39.973],[-91.589,39.983],[-91.524,39.949],[-91.527,39.982],[-91.555,39.993],[-91.5,40.04],[-91.528,40.145],[-91.522,40.215],[-91.572,40.293],[-91.585,40.365],[-91.608,40.387],[-91.581,40.402],[-91.571,40.459],[-91.621,40.51],[-91.62,40.541],[-91.685,40.555],[-91.686,40.581],[-91.707,40.593]]]]}},{"type":"Feature","properties":{"layer":"ecoregions","name":"Interior River Valleys and Hills"},"geometry":{"type":"MultiPolygon","coordinates":[[[[-89.458,37.24],[-89.49,37.251],[-89.543,37.225],[-89.643,37.206],[-89.705,37.118],[-89.687,37.12],[-89.636,37.054],[-89.615,37.051],[-89.445,37.155],[-89.468,37.218],[-89.458,37.24]]],[[[-91.553,40.459],[-91.61,40.501],[-91.569,40.451],[-91.581,40.402],[-91.608,40.387],[-91.585,40.365],[-91.572,40.293],[-91.522,40.215],[-91.528,40.145],[-91.5,40.038],[-91.555,39.993],[-91.527,39.982],[-91.524,39.949],[-91.589,39.983],[-91.629,39.977],[-91.614,39.95],[-91.527,39.938],[-91.529,39.916],[-91.566,39.89],[-91.607,39.91],[-91.615,39.856],[-91.664,39.833],[-91.741,39.875],[-91.838,39.877],[-91.874,39.895],[-91.874,39.913],[-91.937,39.935],[-91.989,39.932],[-91.98,39.913],[-91.951,39.905],[-91.96,39.881],[-91.924,39.867],[-91.986,39.828],[-91.911,39.8],[-91.86,39.826],[-91.859,39.781],[-91.794,39.799],[-91.811,39.77],[-91.75,39.786],[-91.772,39.757],[-91.841,39.76],[-91.821,39.738],[-91.862,39.732],[-91.859,39.69],[-91.798,39.701],[-91.763,39.672],[-91.757,39.715],[-91.734,39.707],[-91.702,39.726],[-91.699,39.693],[-91.654,39.684],[-91.619,39.721],[-91.59,39.686],[-91.596,39.669],[-91.569,39.665],[-91.572,39.732],[-91.479,39.759],[-91.427,39.712],[-91.501,39.736],[-91.502,39.684],[-91.469,39.659],[-91.534,39.672],[-91.546,39.653],[-91.532,39.644],[-91.551,39.636],[-91.617,39.656],[-91.628,39.629],[-91.68,39.62],[-91.649,39.582],[-91.662,39.572],[-91.686,39.604],[-91.739,39.631],[-91.758,39.602],[-91.804,39.624],[-91.817,39.601],[-91.786,39.58],[-91.786,39.544],[-91.836,39.547],[-91.84,39.571],[-91.878,39.592],[-91.883,39.661],[-91.947,39.662],[-91.966,39.621],[-92.007,39.587],[-91.935,39.565],[-91.967,39.543],[-91.962,39.524],[-91.902,39.512],[-91.922,39.498],[-91.981,39.503],[-91.991,39.468],[-91.946,39.457],[-91.973,39.449],[-91.976,39.417],[-91.954,39.411],[-91.883,39.438],[-91.872,39.428],[-91.9,39.408],[-91.849,39.395],[-91.862,39.372],[-91.849,39.361],[-91.907,39.349],[-91.915,39.329],[-91.861,39.329],[-91.844,39.313],[-91.809,39.322],[-91.791,39.285],[-91.77,39.278],[-91.792,39.446],[-91.712,39.46],[-91.708,39.442],[-91.731,39.429],[-91.69,39.402],[-91.71,39.375],[-91.676,39.37],[-91.645,39.388],[-91.668,39.414],[-91.663,39.447],[-91.621,39.477],[-91.606,39.511],[-91.533,39.542],[-91.504,39.536],[-91.457,39.561],[-91.423,39.56],[-91.395,39.582],[-91.393,39.56],[-91.373,39.559],[-91.368,39.543],[-91.44,39.539],[-91.497,39.491],[-91.528,39.499],[-91.566,39.415],[-91.525,39.433],[-91.515,39.406],[-91.501,39.405],[-91.453,39.447],[-91.462,39.406],[-91.418,39.359],[-91.389,39.356],[-91.358,39.384],[-91.355,39.403],[-91.379,39.423],[-91.362,39.436],[-91.296,39.404],[-91.278,39.357],[-91.215,39.382],[-91.198,39.344],[-91.104,39.31],[-91.075,39.262],[-91.127,39.261],[-91.153,39.292],[-91.185,39.291],[-91.206,39.272],[-91.201,39.225],[-91.249,39.273],[-91.316,39.254],[-91.345,39.294],[-91.373,39.304],[-91.402,39.291],[-91.409,39.269],[-91.392,39.242],[-91.357,39.232],[-91.366,39.189],[-91.325,39.166],[-91.244,39.159],[-91.241,39.133],[-91.197,39.083],[-91.127,39.049],[-91.197,39.056],[-91.288,39.117],[-91.318,39.115],[-91.359,39.141],[-91.369,39.167],[-91.402,39.177],[-91.49,39.173],[-91.497,39.152],[-91.456,39.153],[-91.435,39.137],[-91.524,39.109],[-91.437,39.091],[-91.364,39.104],[-91.365,39.084],[-91.42,39.066],[-91.433,39.041],[-91.345,39.055],[-91.344,39.032],[-91.279,39.04],[-91.324,38.973],[-91.241,38.997],[-91.274,38.922],[-91.24,38.891],[-91.224,38.894],[-91.223,38.933],[-91.188,38.968],[-91.039,38.995],[-90.93,38.981],[-90.912,38.93],[-90.935,38.904],[-91.103,38.961],[-91.149,38.896],[-91.192,38.896],[-91.198,38.861],[-91.154,38.821],[-91.128,38.852],[-91.09,38.86],[-91.076,38.851],[-91.088,38.827],[-91.051,38.837],[-90.926,38.822],[-90.924,38.808],[-90.988,38.808],[-90.893,38.752],[-90.953,38.731],[-90.931,38.675],[-90.959,38.676],[-91.0,38.722],[-91.032,38.717],[-91.038,38.774],[-91.054,38.787],[-91.09,38.776],[-91.117,38.804],[-91.155,38.792],[-91.207,38.824],[-91.33,38.846],[-91.391,38.877],[-91.463,38.874],[-91.462,38.897],[-91.516,38.889],[-91.543,38.919],[-91.496,38.936],[-91.543,38.97],[-91.58,38.962],[-91.598,38.989],[-91.572,39.005],[-91.566,39.068],[-91.595,39.062],[-91.645,39.088],[-91.668,39.067],[-91.722,39.098],[-91.779,39.072],[-91.742,39.054],[-91.766,39.041],[-91.776,39.014],[-91.731,38.993],[-91.769,38.961],[-91.722,38.964],[-91.692,38.926],[-91.649,38.927],[-91.65,38.912],[-91.742,38.885],[-91.773,38.918],[-91.815,38.935],[-91.822,38.974],[-91.948,39.003],[-91.959,38.985],[-91.901,38.965],[-91.895,38.947],[-91.991,38.927],[-91.961,38.889],[-92.004,38.884],[-92.0,38.859],[-91.974,38.838],[-91.977,38.817],[-92.004,38.823],[-92.033,38.867],[-92.058,38.827],[-92.053,38.805],[-92.08,38.804],[-92.094,38.823],[-92.073,38.84],[-92.074,38.861],[-92.105,38.881],[-92.16,38.875],[-92.181,38.85],[-92.155,38.819],[-92.205,38.778],[-92.264,38.755],[-92.301,38.777],[-92.304,38.797],[-92.294,38.822],[-92.257,38.841],[-92.295,38.867],[-92.311,38.906],[-92.308,38.92],[-92.259,38.934],[-92.261,38.963],[-92.328,38.975],[-92.375,39.042],[-92.421,39.041],[-92.463,39.076],[-92.473,39.153],[-92.444,39.242],[-92.453,39.276],[-92.569,39.309],[-92.627,39.295],[-92.688,39.257],[-92.76,39.179],[-92.841,39.152],[-92.894,39.155],[-92.965,39.124],[-92.983,39.103],[-92.975,39.083],[-93.002,39.074],[-93.012,38.994],[-93.105,39.019],[-93.197,39.014],[-93.241,39.027],[-93.27,38.93],[-93.184,38.967],[-93.163,38.964],[-93.159,38.94],[-93.249,38.903],[-93.248,38.885],[-93.209,38.893],[-93.209,38.867],[-93.179,38.89],[-93.164,38.873],[-93.138,38.874],[-93.113,38.902],[-93.089,38.879],[-93.156,38.823],[-93.25,38.831],[-93.239,38.806],[-93.286,38.776],[-93.287,38.746],[-93.249,38.758],[-93.207,38.744],[-93.195,38.782],[-93.166,38.767],[-93.148,38.775],[-93.125,38.756],[-93.15,38.734],[-93.094,38.719],[-93.062,38.732],[-93.04,38.696],[-93.019,38.691],[-92.989,38.704],[-92.986,38.738],[-92.946,38.749],[-92.983,38.804],[-92.948,38.816],[-92.965,38.837],[-92.947,38.867],[-92.88,38.831],[-92.862,38.798],[-92.848,38.803],[-92.841,38.872],[-92.817,38.861],[-92.799,38.803],[-92.774,38.818],[-92.772,38.874],[-92.733,38.888],[-92.701,38.878],[-92.666,38.808],[-92.639,38.826],[-92.638,38.853],[-92.566,38.844],[-92.536,38.806],[-92.545,38.784],[-92.607,38.775],[-92.633,38.793],[-92.65,38.766],[-92.735,38.764],[-92.797,38.731],[-92.735,38.705],[-92.672,38.718],[-92.664,38.68],[-92.627,38.677],[-92.624,38.661],[-92.713,38.616],[-92.718,38.6],[-92.684,38.574],[-92.645,38.59],[-92.575,38.577],[-92.563,38.57],[-92.587,38.554],[-92.581,38.532],[-92.53,38.541],[-92.508,38.527],[-92.531,38.47],[-92.614,38.437],[-92.536,38.404],[-92.486,38.427],[-92.468,38.409],[-92.449,38.417],[-92.412,38.404],[-92.374,38.454],[-92.329,38.428],[-92.28,38.437],[-92.187,38.483],[-91.974,38.531],[-91.902,38.582],[-91.796,38.582],[-91.708,38.619],[-91.623,38.622],[-91.57,38.643],[-91.473,38.617],[-91.396,38.636],[-91.343,38.575],[-91.246,38.513],[-91.181,38.504],[-91.136,38.524],[-91.064,38.49],[-91.05,38.462],[-91.016,38.453],[-90.977,38.473],[-90.826,38.484],[-90.76,38.52],[-90.74,38.556],[-90.69,38.558],[-90.677,38.582],[-90.614,38.569],[-90.578,38.592],[-90.548,38.57],[-90.504,38.566],[-90.504,38.583],[-90.553,38.602],[-90.5,38.629],[-90.462,38.628],[-90.421,38.587],[-90.433,38.571],[-90.393,38.539],[-90.383,38.494],[-90.355,38.484],[-90.357,38.506],[-90.337,38.505],[-90.304,38.461],[-90.32,38.441],[-90.287,38.463],[-90.315,38.417],[-90.356,38.392],[-90.373,38.338],[-90.384,38.26],[-90.372,38.246],[-90.375,38.157],[-90.317,38.135],[-90.323,38.097],[-90.299,38.09],[-90.233,38.003],[-90.213,38.001],[-90.197,37.964],[-90.159,37.947],[-90.128,37.875],[-90.035,37.85],[-90.027,37.817],[-89.982,37.8],[-89.925,37.707],[-89.982,37.627],[-89.921,37.564],[-89.852,37.531],[-89.847,37.488],[-89.808,37.434],[-89.844,37.414],[-89.794,37.366],[-89.797,37.344],[-89.751,37.317],[-89.761,37.293],[-89.663,37.254],[-89.582,37.256],[-89.556,37.3],[-89.531,37.285],[-89.489,37.333],[-89.436,37.344],[-89.427,37.409],[-89.521,37.551],[-89.52,37.583],[-89.476,37.593],[-89.518,37.641],[-89.517,37.693],[-89.583,37.713],[-89.617,37.75],[-89.663,37.75],[-89.67,37.8],[-89.74,37.847],[-89.786,37.852],[-89.799,37.882],[-89.843,37.905],[-89.902,37.87],[-89.948,37.88],[-89.975,37.927],[-89.925,37.96],[-89.997,37.963],[-90.059,38.016],[-90.111,38.027],[-90.13,38.061],[-90.219,38.094],[-90.36,38.225],[-90.374,38.282],[-90.368,38.34],[-90.285,38.443],[-90.247,38.548],[-90.185,38.612],[-90.181,38.66],[-90.211,38.721],[-90.123,38.798],[-90.11,38.845],[-90.25,38.919],[-90.439,38.967],[-90.472,38.959],[-90.5,38.911],[-90.556,38.871],[-90.625,38.889],[-90.657,38.92],[-90.713,39.05],[-90.681,39.101],[-90.708,39.151],[-90.73,39.256],[-90.941,39.404],[-91.035,39.447],[-91.1,39.539],[-91.154,39.548],[-91.182,39.603],[-91.229,39.621],[-91.368,39.729],[-91.363,39.793],[-91.435,39.844],[-91.447,39.883],[-91.419,39.928],[-91.495,40.036],[-91.513,40.179],[-91.49,40.286],[-91.462,40.342],[-91.419,40.378],[-91.483,40.382],[-91.488,40.404],[-91.526,40.413],[-91.525,40.458],[-91.553,40.459]]]]}},{"type":"Feature","properties":{"layer":"ecoregions","name":"Mississippi Alluvial Plain"},"geometry":{"type":"Polygon","coordinates":[[[-89.552,37.299],[-89.582,37.256],[-89.666,37.252],[-89.749,37.269],[-89.777,37.256],[-89.79,37.27],[-89.775,37.285],[-89.801,37.303],[-89.809,37.289],[-89.786,37.28],[-89.811,37.228],[-89.832,37.225],[-89.822,37.247],[-89.844,37.25],[-89.851,37.208],[-89.937,37.167],[-89.984,37.166],[-89.984,37.147],[-90.001,37.15],[-90.022,37.125],[-90.074,37.147],[-90.079,37.13],[-90.052,37.115],[-90.054,37.096],[-90.103,37.085],[-90.182,37.028],[-90.2,37.03],[-90.196,37.011],[-90.253,36.941],[-90.253,36.89],[-90.293,36.827],[-90.352,36.788],[-90.385,36.806],[-90.386,36.777],[-90.408,36.752],[-90.494,36.718],[-90.521,36.668],[-90.643,36.599],[-90.746,36.499],[-90.212,36.498],[-90.186,36.517],[-90.125,36.507],[-90.108,36.523],[-90.092,36.627],[-90.063,36.647],[-90.049,36.739],[-90.063,36.766],[-90.042,36.793],[-90.086,36.901],[-90.124,36.862],[-90.201,36.871],[-90.206,36.947],[-90.038,37.036],[-89.912,37.077],[-89.809,37.079],[-89.802,37.031],[-89.848,37.003],[-89.87,36.952],[-89.849,36.957],[-89.829,36.94],[-89.827,36.889],[-89.908,36.83],[-89.937,36.782],[-89.958,36.78],[-89.977,36.738],[-90.018,36.707],[-90.017,36.687],[-90.043,36.675],[-90.049,36.566],[-90.03,36.54],[-90.05,36.486],[-90.139,36.457],[-90.139,36.414],[-90.063,36.384],[-90.082,36.322],[-90.064,36.303],[-90.084,36.272],[-90.117,36.264],[-90.126,36.229],[-90.22,36.185],[-90.236,36.139],[-90.319,36.09],[-90.378,35.996],[-89.707,36.001],[-89.679,36.085],[-89.602,36.119],[-89.592,36.142],[-89.607,36.171],[-89.693,36.225],[-89.702,36.246],[-89.602,36.238],[-89.535,36.253],[-89.539,36.277],[-89.62,36.323],[-89.606,36.342],[-89.532,36.339],[-89.51,36.374],[-89.545,36.427],[-89.519,36.475],[-89.57,36.544],[-89.563,36.569],[-89.528,36.581],[-89.479,36.568],[-89.466,36.53],[-89.494,36.473],[-89.464,36.457],[-89.42,36.494],[-89.364,36.626],[-89.327,36.632],[-89.26,36.565],[-89.214,36.58],[-89.198,36.629],[-89.159,36.666],[-89.199,36.716],[-89.198,36.739],[-89.172,36.759],[-89.126,36.752],[-89.117,36.765],[-89.124,36.786],[-89.17,36.797],[-89.179,36.831],[-89.132,36.857],[-89.1,36.965],[-89.125,36.984],[-89.185,36.974],[-89.201,37.016],[-89.255,37.072],[-89.308,37.068],[-89.305,37.048],[-89.26,37.023],[-89.279,36.989],[-89.368,37.033],[-89.385,37.048],[-89.379,37.095],[-89.442,37.166],[-89.615,37.051],[-89.636,37.054],[-89.687,37.12],[-89.705,37.118],[-89.696,37.147],[-89.643,37.206],[-89.491,37.247],[-89.518,37.292],[-89.552,37.299]]]}},{"type":"Feature","properties":{"layer":"ecoregions","name":"Mississippi Valley Loess Plains"},"geometry":{"type":"Polygon","coordinates":[[[-89.831,37.087],[-89.912,37.077],[-90.038,37.036],[-90.206,36.947],[-90.201,36.871],[-90.124,36.862],[-90.086,36.901],[-90.042,36.793],[-90.063,36.766],[-90.049,36.739],[-90.059,36.661],[-90.094,36.623],[-90.108,36.523],[-90.133,36.504],[-90.186,36.517],[-90.211,36.502],[-90.152,36.498],[-90.159,36.48],[-90.142,36.471],[-90.156,36.464],[-90.055,36.48],[-90.03,36.54],[-90.049,36.566],[-90.043,36.675],[-90.017,36.687],[-90.018,36.707],[-89.977,36.738],[-89.958,36.78],[-89.937,36.782],[-89.908,36.83],[-89.827,36.889],[-89.829,36.94],[-89.849,36.957],[-89.87,36.952],[-89.848,37.003],[-89.802,37.031],[-89.806,37.075],[-89.831,37.087]]]}},{"type":"Feature","properties":{"layer":"ecoregions","name":"Ozark Highlands"},"geometry":{"type":"Polygon","coordinates":[[[-92.711,38.885],[-92.772,38.874],[-92.774,38.818],[-92.795,38.802],[-92.833,38.872],[-92.85,38.866],[-92.855,38.798],[-92.926,38.863],[-92.953,38.864],[-92.965,38.837],[-92.948,38.816],[-92.983,38.804],[-92.946,38.749],[-92.988,38.737],[-92.988,38.705],[-93.032,38.692],[-93.034,38.663],[-93.063,38.673],[-93.082,38.655],[-93.122,38.657],[-93.198,38.681],[-93.275,38.664],[-93.291,38.625],[-93.253,38.631],[-93.204,38.609],[-93.18,38.619],[-93.151,38.591],[-93.168,38.562],[-93.154,38.552],[-93.151,38.499],[-93.084,38.525],[-93.097,38.478],[-93.137,38.454],[-93.158,38.459],[-93.176,38.443],[-93.197,38.46],[-93.223,38.428],[-93.312,38.422],[-93.313,38.387],[-93.27,38.36],[-93.307,38.333],[-93.294,38.315],[-93.362,38.302],[-93.377,38.332],[-93.355,38.354],[-93.369,38.376],[-93.354,38.393],[-93.367,38.408],[-93.399,38.405],[-93.406,38.37],[-93.462,38.374],[-93.534,38.345],[-93.539,38.325],[-93.516,38.296],[-93.571,38.287],[-93.591,38.306],[-93.614,38.303],[-93.62,38.24],[-93.588,38.226],[-93.67,38.179],[-93.66,38.151],[-93.686,38.131],[-93.655,38.096],[-93.68,38.097],[-93.7,38.07],[-93.713,38.118],[-93.782,38.116],[-93.782,38.093],[-93.737,38.079],[-93.735,38.066],[-93.775,38.053],[-93.782,38.075],[-93.822,38.082],[-93.841,38.123],[-93.907,38.08],[-93.946,38.08],[-93.889,38.024],[-93.877,37.974],[-93.831,37.96],[-93.769,38.001],[-93.753,37.984],[-93.87,37.898],[-93.894,37.856],[-93.958,37.826],[-93.952,37.794],[-93.913,37.803],[-93.91,37.782],[-93.982,37.759],[-93.995,37.734],[-94.054,37.711],[-94.042,37.701],[-94.061,37.684],[-94.033,37.663],[-94.01,37.666],[-93.987,37.71],[-93.954,37.728],[-93.931,37.714],[-93.955,37.659],[-93.927,37.626],[-93.966,37.624],[-94.002,37.585],[-93.991,37.454],[-94.004,37.424],[-94.063,37.42],[-94.169,37.471],[-94.172,37.424],[-94.137,37.392],[-94.196,37.392],[-94.251,37.35],[-94.288,37.362],[-94.355,37.35],[-94.411,37.303],[-94.563,37.312],[-94.596,37.279],[-94.583,37.259],[-94.608,37.222],[-94.618,37.162],[-94.618,36.499],[-90.746,36.499],[-90.643,36.599],[-90.521,36.668],[-90.494,36.718],[-90.408,36.752],[-90.386,36.777],[-90.385,36.806],[-90.352,36.788],[-90.293,36.827],[-90.253,36.89],[-90.253,36.941],[-90.196,37.011],[-90.2,37.03],[-90.182,37.028],[-90.103,37.085],[-90.054,37.096],[-90.052,37.115],[-90.079,37.13],[-90.074,37.147],[-90.022,37.125],[-90.001,37.15],[-89.984,37.147],[-89.984,37.166],[-89.937,37.167],[-89.851,37.208],[-89.844,37.25],[-89.822,37.247],[-89.832,37.225],[-89.811,37.228],[-89.786,37.28],[-89.809,37.289],[-89.801,37.303],[-89.775,37.285],[-89.79,37.27],[-89.777,37.256],[-89.749,37.269],[-89.663,37.254],[-89.761,37.293],[-89.751,37.317],[-89.797,37.344],[-89.794,37.366],[-89.844,37.414],[-89.808,37.434],[-89.847,37.488],[-89.852,37.531],[-89.921,37.564],[-89.976,37.617],[-89.977,37.651],[-89.953,37.659],[-89.925,37.712],[-89.982,37.8],[-90.027,37.817],[-90.035,37.85],[-90.128,37.875],[-90.159,37.947],[-90.197,37.964],[-90.213,38.001],[-90.233,38.003],[-90.299,38.09],[-90.323,38.097],[-90.317,38.135],[-90.375,38.157],[-90.372,38.246],[-90.384,38.26],[-90.373,38.338],[-90.356,38.392],[-90.315,38.417],[-90.287,38.463],[-90.32,38.441],[-90.304,38.461],[-90.337,38.505],[-90.357,38.506],[-90.355,38.484],[-90.383,38.494],[-90.393,38.539],[-90.433,38.571],[-90.421,38.587],[-90.462,38.628],[-90.5,38.629],[-90.553,38.602],[-90.504,38.583],[-90.504,38.566],[-90.548,38.57],[-90.578,38.592],[-90.614,38.569],[-90.677,38.582],[-90.69,38.558],[-90.74,38.556],[-90.76,38.52],[-90.826,38.484],[-90.977,38.473],[-91.016,38.453],[-91.05,38.462],[-91.064,38.49],[-91.136,38.524],[-91.181,38.504],[-91.246,38.513],[-91.343,38.575],[-91.396,38.636],[-91.473,38.617],[-91.57,38.643],[-91.623,38.622],[-91.708,38.619],[-91.796,38.582],[-91.902,38.582],[-91.974,38.531],[-92.187,38.483],[-92.28,38.437],[-92.329,38.428],[-92.374,38.454],[-92.412,38.404],[-92.449,38.417],[-92.468,38.409],[-92.486,38.427],[-92.536,38.404],[-92.614,38.437],[-92.531,38.47],[-92.508,38.527],[-92.53,38.541],[-92.581,38.532],[-92.587,38.554],[-92.563,38.57],[-92.575,38.577],[-92.645,38.59],[-92.684,38.574],[-92.718,38.6],[-92.713,38.616],[-92.624,38.661],[-92.627,38.677],[-92.664,38.68],[-92.672,38.718],[-92.735,38.705],[-92.797,38.731],[-92.735,38.764],[-92.65,38.766],[-92.633,38.793],[-92.607,38.775],[-92.545,38.784],[-92.536,38.806],[-92.566,38.844],[-92.629,38.855],[-92.639,38.825],[-92.666,38.808],[-92.711,38.885]]]}},{"type":"Feature","properties":{"layer":"ecoregions","name":"Western Corn Belt Plains"},"geometry":{"type":"Polygon","coordinates":[[[-95.75,40.585],[-95.775,40.574],[-95.763,40.528],[-95.709,40.522],[-95.679,40.563],[-95.653,40.542],[-95.662,40.517],[-95.7,40.505],[-95.681,40.497],[-95.693,40.469],[-95.644,40.457],[-95.64,40.434],[-95.661,40.416],[-95.623,40.341],[-95.657,40.311],[-95.562,40.297],[-95.551,40.261],[-95.477,40.243],[-95.479,40.186],[-95.393,40.119],[-95.397,40.071],[-95.422,40.059],[-95.412,40.037],[-95.315,40.012],[-95.303,39.984],[-95.25,39.949],[-95.204,39.939],[-95.202,39.904],[-95.15,39.906],[-95.133,39.876],[-95.042,39.865],[-95.015,39.899],[-94.954,39.901],[-94.928,39.886],[-94.938,39.85],[-94.878,39.826],[-94.882,39.796],[-94.935,39.776],[-94.911,39.759],[-94.87,39.773],[-94.863,39.743],[-94.899,39.724],[-94.964,39.74],[-94.971,39.687],[-95.025,39.668],[-95.054,39.628],[-95.051,39.588],[-95.103,39.578],[-95.112,39.549],[-95.052,39.5],[-95.041,39.466],[-94.985,39.443],[-94.942,39.39],[-94.885,39.389],[-94.881,39.37],[-94.91,39.353],[-94.905,39.31],[-94.831,39.256],[-94.825,39.211],[-94.783,39.207],[-94.742,39.17],[-94.68,39.184],[-94.651,39.154],[-94.592,39.155],[-94.607,39.089],[-94.496,39.084],[-94.388,39.054],[-94.345,39.069],[-94.296,39.115],[-94.227,39.118],[-94.195,39.101],[-94.22,39.044],[-94.194,39.026],[-94.024,39.054],[-93.916,39.113],[-93.895,39.1],[-93.894,39.08],[-93.94,39.015],[-93.939,38.992],[-93.858,38.938],[-93.59,38.954],[-93.504,38.942],[-93.436,38.962],[-93.313,38.948],[-93.262,38.96],[-93.235,39.031],[-93.198,39.015],[-93.155,39.025],[-93.012,38.994],[-93.002,39.074],[-92.975,39.083],[-92.983,39.103],[-92.965,39.124],[-92.894,39.155],[-92.835,39.154],[-92.76,39.195],[-92.746,39.27],[-92.775,39.309],[-92.855,39.336],[-92.882,39.313],[-92.938,39.359],[-92.951,39.398],[-93.006,39.401],[-93.084,39.435],[-93.139,39.425],[-93.186,39.456],[-93.132,39.611],[-93.146,39.629],[-93.234,39.614],[-93.263,39.598],[-93.284,39.559],[-93.275,39.469],[-93.219,39.399],[-93.278,39.366],[-93.472,39.383],[-93.612,39.374],[-93.693,39.335],[-93.738,39.345],[-93.861,39.327],[-94.019,39.234],[-94.152,39.312],[-94.263,39.314],[-94.407,39.393],[-94.573,39.429],[-94.6,39.47],[-94.621,39.635],[-94.59,39.783],[-94.66,39.937],[-94.701,40.219],[-94.649,40.389],[-94.583,40.529],[-94.472,40.571],[-95.75,40.585]]]}},{"type":"Feature","properties":{"layer":"interstates","name":"I-155"},"geometry":{"type":"MultiLineString","coordinates":[[[-89.347,36.073],[-89.36,36.068],[-89.447,36.07],[-89.598,36.096],[-89.626,36.133],[-89.672,36.156],[-89.749,36.217]],[[-89.749,36.216],[-89.672,36.156],[-89.626,36.134],[-89.598,36.096],[-89.447,36.07],[-89.36,36.067],[-89.347,36.073]],[[-89.484,40.621],[-89.478,40.611],[-89.472,40.461],[-89.457,40.426],[-89.452,40.274],[-89.461,40.262],[-89.46,40.23],[-89.421,40.19],[-89.417,40.173]],[[-89.418,40.173],[-89.421,40.19],[-89.461,40.23],[-89.461,40.262],[-89.452,40.275],[-89.457,40.426],[-89.473,40.461],[-89.484,40.621]]]}},{"type":"Feature","properties":{"layer":"interstates","name":"I-170"},"geometry":{"type":"MultiLineString","coordinates":[[[-90.344,38.629],[-90.362,38.673],[-90.333,38.712],[-90.338,38.769],[-90.346,38.777]],[[-90.343,38.629],[-90.362,38.673],[-90.333,38.712],[-90.34,38.773],[-90.335,38.775]]]}},{"type":"Feature","properties":{"layer":"interstates","name":"I-172"},"geometry":{"type":"MultiLineString","coordinates":[[[-91.288,39.751],[-91.312,39.768],[-91.312,39.784],[-91.299,39.798],[-91.303,39.827],[-91.339,39.87],[-91.322,39.888],[-91.326,39.946],[-91.306,39.996],[-91.31,40.013]],[[-91.292,39.752],[-91.313,39.768],[-91.312,39.784],[-91.299,39.798],[-91.303,39.827],[-91.339,39.87],[-91.322,39.888],[-91.326,39.946],[-91.306,39.996],[-91.31,40.014]]]}},{"type":"Feature","properties":{"layer":"interstates","name":"I-229"},"geometry":{"type":"MultiLineString","coordinates":[[[-94.858,39.889],[-94.869,39.782],[-94.845,39.729],[-94.792,39.709]],[[-94.857,39.883],[-94.869,39.798],[-94.86,39.766]],[[-94.855,39.754],[-94.844,39.728],[-94.792,39.708]]]}},{"type":"Feature","properties":{"layer":"interstates","name":"I-24"},"geometry":{"type":"MultiLineString","coordinates":[[[-88.9,37.502],[-88.964,37.58],[-88.993,37.6]],[[-88.9,37.503],[-88.964,37.58],[-88.995,37.604]]]}},{"type":"Feature","properties":{"layer":"interstates","name":"I-244"},"geometry":{"type":"MultiLineString","coordinates":[[[-95.82,36.163],[-95.9,36.163]],[[-95.819,36.162],[-95.9,36.163]]]}},{"type":"Feature","properties":{"layer":"interstates","name":"I-255"},"geometry":{"type":"MultiLineString","coordinates":[[[-90.044,38.768],[-90.043,38.744],[-90.025,38.716],[-90.03,38.665],[-90.035,38.652],[-90.066,38.631],[-90.093,38.592],[-90.196,38.531],[-90.229,38.475],[-90.338,38.504]],[[-90.338,38.503],[-90.228,38.474],[-90.195,38.531],[-90.092,38.592],[-90.066,38.631],[-90.034,38.652],[-90.029,38.664],[-90.025,38.716],[-90.043,38.744],[-90.044,38.764]]]}},{"type":"Feature","properties":{"layer":"interstates","name":"I-270"},"geometry":{"type":"MultiLineString","coordinates":[[[-90.338,38.503],[-90.392,38.52],[-90.438,38.561],[-90.448,38.583],[-90.451,38.699],[-90.439,38.753],[-90.383,38.781],[-90.158,38.761],[-90.119,38.766],[-90.088,38.758],[-89.903,38.752],[-89.763,38.766],[-89.73,38.784],[-89.628,38.787],[-89.599,38.802]],[[-90.338,38.504],[-90.392,38.52],[-90.438,38.561],[-90.448,38.583],[-90.451,38.699],[-90.438,38.753],[-90.382,38.781],[-90.158,38.761],[-90.12,38.766],[-90.088,38.758],[-89.902,38.751],[-89.76,38.766],[-89.731,38.784],[-89.628,38.786],[-89.599,38.802]]]}},{"type":"Feature","properties":{"layer":"interstates","name":"I-29"},"geometry":{"type":"MultiLineString","coordinates":[[[-94.57,39.107],[-94.56,39.174],[-94.615,39.191],[-94.635,39.206],[-94.658,39.236],[-94.659,39.259],[-94.691,39.315],[-94.757,39.349],[-94.789,39.385],[-94.789,39.743],[-94.807,39.854],[-94.972,39.967],[-95.021,39.976],[-95.207,40.08],[-95.216,40.106],[-95.248,40.149],[-95.318,40.182],[-95.356,40.19],[-95.467,40.272],[-95.493,40.308],[-95.504,40.343],[-95.537,40.373],[-95.585,40.457],[-95.604,40.518],[-95.651,40.583],[-95.741,40.642],[-95.791,40.7]],[[-94.569,39.107],[-94.56,39.174],[-94.613,39.19],[-94.634,39.206],[-94.658,39.236],[-94.659,39.259],[-94.691,39.315],[-94.756,39.349],[-94.789,39.385],[-94.789,39.743],[-94.806,39.855],[-94.972,39.967],[-95.022,39.977],[-95.208,40.08],[-95.216,40.107],[-95.247,40.15],[-95.317,40.181],[-95.357,40.19],[-95.465,40.271],[-95.493,40.308],[-95.503,40.343],[-95.537,40.373],[-95.584,40.457],[-95.604,40.518],[-95.651,40.583],[-95.741,40.643],[-95.791,40.7]]]}},{"type":"Feature","properties":{"layer":"interstates","name":"I-335"},"geometry":{"type":"MultiLineString","coordinates":[[[-95.692,38.991],[-95.888,38.83],[-95.9,38.808]],[[-95.9,38.808],[-95.887,38.83],[-95.692,38.992]]]}},{"type":"Feature","properties":{"layer":"interstates","name":"I-35"},"geometry":{"type":"MultiLineString","coordinates":[[[-95.9,38.424],[-95.742,38.426],[-95.616,38.453],[-95.557,38.457],[-95.434,38.504],[-95.356,38.552],[-95.242,38.585],[-95.234,38.594],[-95.226,38.636],[-94.968,38.757],[-94.828,38.845],[-94.796,38.871],[-94.783,38.901],[-94.697,38.994],[-94.686,39.035],[-94.641,39.049],[-94.617,39.073],[-94.596,39.077],[-94.592,39.106],[-94.565,39.11],[-94.568,39.137],[-94.557,39.169],[-94.534,39.175],[-94.505,39.202],[-94.475,39.215],[-94.447,39.264],[-94.418,39.282],[-94.282,39.522],[-94.246,39.628],[-94.219,39.758],[-94.139,39.923],[-94.094,39.974],[-94.093,40.081],[-94.015,40.18],[-94.011,40.345],[-93.95,40.563],[-93.859,40.653],[-93.844,40.7]],[[-95.9,38.424],[-95.742,38.426],[-95.616,38.453],[-95.557,38.458],[-95.435,38.504],[-95.356,38.552],[-95.242,38.585],[-95.226,38.636],[-94.969,38.757],[-94.829,38.845],[-94.796,38.872],[-94.783,38.902],[-94.697,38.994],[-94.685,39.035],[-94.641,39.049],[-94.617,39.073],[-94.596,39.077],[-94.593,39.106],[-94.566,39.11],[-94.568,39.136],[-94.558,39.169],[-94.534,39.175],[-94.506,39.202],[-94.478,39.214],[-94.447,39.264],[-94.419,39.281],[-94.282,39.522],[-94.246,39.629],[-94.219,39.758],[-94.139,39.923],[-94.095,39.974],[-94.093,40.081],[-94.015,40.181],[-94.011,40.345],[-93.95,40.563],[-93.86,40.653],[-93.846,40.7]]]}},{"type":"Feature","properties":{"layer":"interstates","name":"I-39"},"geometry":{"type":"MultiLineString","coordinates":[[[-89.003,40.539],[-88.999,40.608],[-89.005,40.661],[-89.028,40.679],[-89.029,40.7]],[[-89.029,40.7],[-89.028,40.679],[-89.005,40.661],[-88.999,40.608],[-89.003,40.539]]]}},{"type":"Feature","properties":{"layer":"interstates","name":"I-435"},"geometry":{"type":"MultiLineString","coordinates":[[[-94.608,38.937],[-94.539,38.939],[-94.502,38.987],[-94.499,39.049],[-94.488,39.061],[-94.486,39.112],[-94.499,39.131],[-94.491,39.209],[-94.507,39.24],[-94.51,39.306],[-94.666,39.308],[-94.749,39.346],[-94.766,39.289],[-94.755,39.254],[-94.762,39.196],[-94.791,39.186],[-94.821,39.157],[-94.811,39.099],[-94.791,39.059],[-94.773,38.947],[-94.737,38.935],[-94.658,38.931],[-94.608,38.937]],[[-94.549,38.939],[-94.536,38.943],[-94.503,38.986],[-94.5,39.049],[-94.488,39.063],[-94.486,39.113],[-94.499,39.131],[-94.491,39.209],[-94.507,39.24],[-94.511,39.306],[-94.666,39.307],[-94.749,39.342],[-94.766,39.288],[-94.755,39.254],[-94.762,39.196],[-94.79,39.187],[-94.821,39.157],[-94.81,39.098],[-94.791,39.06],[-94.773,38.947],[-94.738,38.935],[-94.66,38.931],[-94.594,38.941],[-94.544,38.939]]]}},{"type":"Feature","properties":{"layer":"interstates","name":"I-44"},"geometry":{"type":"MultiLineString","coordinates":[[[-95.9,36.111],[-95.827,36.162],[-95.735,36.164],[-95.73,36.185],[-95.609,36.293],[-95.462,36.352],[-95.373,36.446],[-95.282,36.502],[-95.229,36.547],[-95.181,36.61],[-95.143,36.626],[-95.098,36.658],[-94.916,36.732],[-94.834,36.89],[-94.688,36.942],[-94.617,36.996],[-94.547,37.01],[-94.502,37.044],[-94.468,37.048],[-94.365,37.082],[-93.891,37.074],[-93.857,37.086],[-93.819,37.086],[-93.641,37.188],[-93.496,37.185],[-93.393,37.207],[-93.342,37.25],[-93.185,37.25],[-93.121,37.273],[-93.052,37.274],[-93.012,37.3],[-92.975,37.308],[-92.912,37.358],[-92.83,37.526],[-92.803,37.551],[-92.703,37.608],[-92.579,37.75],[-92.524,37.761],[-92.491,37.753],[-92.434,37.769],[-92.253,37.787],[-92.202,37.817],[-92.113,37.826],[-92.068,37.861],[-92.027,37.865],[-92.018,37.871],[-92.009,37.899],[-91.976,37.911],[-91.949,37.941],[-91.8,37.941],[-91.754,37.975],[-91.638,37.994],[-91.566,38.023],[-91.467,38.047],[-91.22,38.166],[-91.111,38.266],[-91.101,38.297],[-91.07,38.304],[-91.03,38.322],[-91.015,38.338],[-90.995,38.342],[-90.968,38.38],[-90.929,38.4],[-90.912,38.438],[-90.857,38.464],[-90.844,38.482],[-90.797,38.489],[-90.755,38.485],[-90.679,38.506],[-90.56,38.507],[-90.542,38.527],[-90.516,38.536],[-90.432,38.545],[-90.39,38.573],[-90.342,38.587],[-90.291,38.618],[-90.204,38.611],[-90.186,38.627],[-90.19,38.646]],[[-95.9,36.111],[-95.826,36.162],[-95.732,36.163],[-95.73,36.185],[-95.612,36.291],[-95.462,36.352],[-95.373,36.446],[-95.28,36.503],[-95.229,36.547],[-95.182,36.609],[-95.143,36.625],[-95.098,36.658],[-94.916,36.731],[-94.836,36.889],[-94.688,36.942],[-94.618,36.996],[-94.547,37.01],[-94.502,37.044],[-94.468,37.048],[-94.365,37.082],[-93.89,37.074],[-93.856,37.086],[-93.819,37.086],[-93.641,37.187],[-93.496,37.185],[-93.392,37.207],[-93.341,37.25],[-93.185,37.25],[-93.121,37.272],[-93.048,37.274],[-93.011,37.3],[-92.975,37.307],[-92.912,37.358],[-92.83,37.525],[-92.803,37.551],[-92.701,37.609],[-92.579,37.749],[-92.525,37.761],[-92.491,37.753],[-92.435,37.768],[-92.252,37.787],[-92.202,37.817],[-92.112,37.826],[-92.068,37.861],[-92.027,37.865],[-92.007,37.899],[-91.975,37.911],[-91.949,37.941],[-91.8,37.941],[-91.754,37.975],[-91.638,37.993],[-91.566,38.023],[-91.467,38.047],[-91.22,38.165],[-91.111,38.266],[-91.1,38.297],[-91.069,38.304],[-91.029,38.322],[-91.015,38.338],[-90.995,38.342],[-90.967,38.38],[-90.929,38.4],[-90.913,38.437],[-90.857,38.464],[-90.844,38.482],[-90.798,38.488],[-90.755,38.485],[-90.679,38.506],[-90.56,38.507],[-90.542,38.527],[-90.515,38.536],[-90.433,38.544],[-90.39,38.573],[-90.342,38.587],[-90.291,38.618],[-90.206,38.61],[-90.189,38.622],[-90.19,38.646]]]}},{"type":"Feature","properties":{"layer":"interstates","name":"I-470"},"geometry":{"type":"MultiLineString","coordinates":[[[-94.544,38.939],[-94.409,38.934],[-94.366,38.946],[-94.356,38.982],[-94.363,39.043]],[[-94.543,38.939],[-94.526,38.933],[-94.508,38.939],[-94.41,38.934],[-94.365,38.946],[-94.356,38.982],[-94.362,39.043]],[[-95.693,38.993],[-95.747,39.015],[-95.759,39.04],[-95.779,39.053]],[[-95.693,38.993],[-95.747,39.015],[-95.759,39.04],[-95.782,39.054]],[[-95.586,39.032],[-95.615,39.03],[-95.675,38.993],[-95.692,38.992]],[[-95.578,39.03],[-95.615,39.03],[-95.675,38.993],[-95.692,38.991]]]}},{"type":"Feature","properties":{"layer":"interstates","name":"I-474"},"geometry":{"type":"MultiLineString","coordinates":[[[-89.676,40.7],[-89.673,40.676],[-89.617,40.631],[-89.512,40.631]],[[-89.676,40.7],[-89.673,40.676],[-89.617,40.631],[-89.514,40.631]]]}},{"type":"Feature","properties":{"layer":"interstates","name":"I-49"},"geometry":{"type":"MultiLineString","coordinates":[[[-94.539,38.95],[-94.524,38.91],[-94.53,38.84],[-94.499,38.805],[-94.49,38.764],[-94.419,38.678],[-94.369,38.66],[-94.349,38.618],[-94.353,38.525],[-94.342,38.507],[-94.341,38.392],[-94.344,38.312],[-94.357,38.295],[-94.359,38.25],[-94.35,38.235],[-94.349,38.102],[-94.354,38.051],[-94.369,38.033],[-94.369,37.929],[-94.343,37.904],[-94.345,37.852],[-94.31,37.826],[-94.309,37.651],[-94.293,37.617],[-94.301,37.357],[-94.292,37.34],[-94.302,37.324],[-94.306,37.284],[-94.304,37.209],[-94.335,37.2],[-94.335,37.161],[-94.311,37.128],[-94.313,37.082]],[[-94.312,37.082],[-94.311,37.129],[-94.335,37.16],[-94.335,37.2],[-94.303,37.21],[-94.306,37.284],[-94.302,37.324],[-94.292,37.34],[-94.301,37.357],[-94.293,37.617],[-94.308,37.651],[-94.31,37.826],[-94.344,37.852],[-94.343,37.905],[-94.369,37.929],[-94.369,38.033],[-94.353,38.053]],[[-94.353,38.054],[-94.35,38.235],[-94.358,38.25],[-94.357,38.294],[-94.344,38.312],[-94.341,38.4],[-94.341,38.507],[-94.352,38.525],[-94.351,38.632],[-94.37,38.661],[-94.419,38.678],[-94.49,38.764],[-94.498,38.805],[-94.529,38.84],[-94.524,38.91],[-94.539,38.95]],[[-94.19,35.9],[-94.2,35.922],[-94.193,35.947],[-94.2,35.977],[-94.188,36.03],[-94.203,36.073],[-94.173,36.11],[-94.187,36.151],[-94.179,36.227],[-94.151,36.249],[-94.151,36.276],[-94.185,36.309],[-94.169,36.375],[-94.186,36.4],[-94.215,36.413],[-94.274,36.411],[-94.313,36.424],[-94.344,36.422],[-94.364,36.428],[-94.378,36.442],[-94.377,36.487],[-94.392,36.523],[-94.382,36.564],[-94.419,36.632],[-94.418,36.717],[-94.428,36.747],[-94.416,36.842],[-94.431,36.87],[-94.427,37.056]],[[-94.189,35.9],[-94.199,35.922],[-94.193,35.947],[-94.199,35.978],[-94.187,36.029],[-94.203,36.073],[-94.181,36.105],[-94.169,36.11],[-94.186,36.151],[-94.187,36.174],[-94.179,36.183],[-94.182,36.215],[-94.177,36.23],[-94.15,36.249],[-94.151,36.276],[-94.185,36.309],[-94.169,36.375],[-94.185,36.4],[-94.214,36.413],[-94.275,36.411],[-94.313,36.424],[-94.345,36.422],[-94.377,36.441],[-94.377,36.486],[-94.392,36.522],[-94.381,36.564],[-94.418,36.632],[-94.417,36.717],[-94.428,36.747],[-94.415,36.842],[-94.431,36.869],[-94.433,36.99],[-94.426,37.057]],[[-94.317,37.082],[-94.365,37.082],[-94.42,37.064]],[[-94.421,37.063],[-94.365,37.082],[-94.311,37.082]]]}},{"type":"Feature","properties":{"layer":"interstates","name":"I-55"},"geometry":{"type":"MultiLineString","coordinates":[[[-89.899,35.9],[-89.874,35.919],[-89.873,36.023],[-89.754,36.128],[-89.753,36.208],[-89.731,36.231],[-89.728,36.255],[-89.702,36.296],[-89.702,36.385],[-89.684,36.429],[-89.603,36.514],[-89.539,36.649],[-89.538,36.764],[-89.532,36.781],[-89.538,37.202],[-89.566,37.234],[-89.568,37.278],[-89.668,37.487],[-89.778,37.597],[-89.842,37.643],[-89.971,37.822],[-90.076,37.913],[-90.186,37.97],[-90.291,38.071],[-90.314,38.129],[-90.353,38.151],[-90.403,38.2],[-90.406,38.298],[-90.396,38.348],[-90.38,38.377],[-90.389,38.415],[-90.373,38.464],[-90.333,38.517],[-90.303,38.541],[-90.242,38.565],[-90.215,38.588],[-90.212,38.609],[-90.19,38.62],[-90.169,38.616],[-90.163,38.628],[-90.139,38.635],[-90.104,38.661],[-90.02,38.675],[-89.988,38.701],[-89.916,38.72],[-89.889,38.817],[-89.828,38.904],[-89.75,38.971],[-89.755,39.081],[-89.735,39.099],[-89.641,39.234],[-89.644,39.734],[-89.606,39.758],[-89.593,39.812],[-89.595,39.91],[-89.418,40.099],[-89.414,40.177],[-89.309,40.188],[-89.247,40.247],[-89.225,40.255],[-89.21,40.279],[-89.163,40.311],[-89.137,40.341],[-89.111,40.356],[-89.077,40.393],[-89.06,40.399],[-89.024,40.438],[-89.031,40.468],[-89.025,40.536],[-88.943,40.538],[-88.912,40.556],[-88.9,40.572]],[[-89.899,35.9],[-89.875,35.919],[-89.874,36.023],[-89.755,36.129],[-89.754,36.208],[-89.731,36.232],[-89.728,36.255],[-89.703,36.296],[-89.702,36.385],[-89.684,36.429],[-89.603,36.514],[-89.539,36.649],[-89.538,36.764],[-89.532,36.781],[-89.539,37.203],[-89.566,37.235],[-89.569,37.279],[-89.668,37.487],[-89.777,37.596],[-89.842,37.643],[-89.971,37.822],[-90.077,37.913],[-90.187,37.97],[-90.292,38.071],[-90.314,38.129],[-90.353,38.151],[-90.403,38.201],[-90.406,38.298],[-90.396,38.347],[-90.38,38.376],[-90.389,38.415],[-90.373,38.464],[-90.333,38.518],[-90.303,38.541],[-90.243,38.564],[-90.215,38.588],[-90.212,38.61],[-90.19,38.62],[-90.169,38.616],[-90.163,38.628],[-90.139,38.635],[-90.104,38.662],[-90.021,38.675],[-89.988,38.701],[-89.916,38.72],[-89.889,38.817],[-89.828,38.904],[-89.75,38.971],[-89.755,39.081],[-89.735,39.099],[-89.642,39.234],[-89.644,39.737],[-89.606,39.758],[-89.593,39.811],[-89.595,39.91],[-89.418,40.099],[-89.416,40.178],[-89.31,40.187],[-89.247,40.247],[-89.224,40.256],[-89.21,40.279],[-89.164,40.311],[-89.137,40.342],[-89.111,40.356],[-89.078,40.393],[-89.06,40.4],[-89.024,40.441],[-89.031,40.468],[-89.025,40.536],[-88.943,40.538],[-88.912,40.556],[-88.9,40.573]]]}},{"type":"Feature","properties":{"layer":"interstates","name":"I-57"},"geometry":{"type":"MultiLineString","coordinates":[[[-89.534,36.873],[-89.441,36.906],[-89.334,36.908],[-89.233,36.995],[-89.205,37.032],[-89.158,37.189],[-89.153,37.433],[-89.127,37.477],[-89.091,37.514],[-89.003,37.577],[-88.98,37.636],[-88.946,37.774],[-88.941,37.877],[-88.946,37.93],[-88.936,37.948],[-88.924,38.065],[-88.912,38.091],[-88.914,38.157],[-88.904,38.187],[-88.911,38.207],[-88.907,38.248],[-88.931,38.264],[-88.955,38.326],[-88.95,38.431],[-88.96,38.465],[-88.973,38.681],[-88.9,38.748]],[[-88.9,38.75],[-88.973,38.681],[-88.96,38.464],[-88.95,38.431],[-88.956,38.324],[-88.932,38.265],[-88.907,38.248],[-88.911,38.206],[-88.904,38.186],[-88.914,38.157],[-88.912,38.091],[-88.924,38.065],[-88.936,37.949],[-88.947,37.929],[-88.942,37.877],[-88.946,37.773],[-88.98,37.635],[-89.004,37.577],[-89.092,37.514],[-89.127,37.477],[-89.154,37.431],[-89.158,37.189],[-89.206,37.031],[-89.234,36.995],[-89.335,36.908],[-89.441,36.906],[-89.534,36.873]]]}},{"type":"Feature","properties":{"layer":"interstates","name":"I-635"},"geometry":{"type":"MultiLineString","coordinates":[[[-94.619,39.188],[-94.627,39.162],[-94.646,39.159],[-94.676,39.138],[-94.682,39.112],[-94.679,39.049],[-94.671,39.039]],[[-94.674,39.04],[-94.683,39.112],[-94.676,39.139],[-94.646,39.16],[-94.628,39.162],[-94.618,39.189]]]}},{"type":"Feature","properties":{"layer":"interstates","name":"I-64"},"geometry":{"type":"MultiLineString","coordinates":[[[-90.234,38.631],[-90.202,38.623],[-90.24,38.633],[-90.314,38.629],[-90.495,38.639],[-90.559,38.653],[-90.58,38.669],[-90.654,38.675],[-90.677,38.709],[-90.726,38.723],[-90.77,38.766],[-90.836,38.807]],[[-90.839,38.806],[-90.77,38.766],[-90.725,38.722],[-90.678,38.709],[-90.654,38.676],[-90.58,38.669],[-90.559,38.653],[-90.494,38.639],[-90.314,38.628],[-90.241,38.633]],[[-88.9,38.274],[-88.934,38.272],[-88.959,38.336],[-89.005,38.359],[-89.081,38.363],[-89.134,38.387],[-89.382,38.393],[-89.462,38.426],[-89.518,38.433],[-89.565,38.458],[-89.607,38.498],[-89.664,38.516],[-89.707,38.519],[-89.741,38.544],[-89.808,38.552],[-89.883,38.575],[-89.927,38.575],[-89.95,38.595],[-90.015,38.601],[-90.056,38.618],[-90.122,38.621],[-90.146,38.633],[-90.163,38.628],[-90.171,38.616],[-90.202,38.623]],[[-90.194,38.622],[-90.17,38.616],[-90.163,38.628],[-90.146,38.634],[-90.122,38.622],[-90.056,38.619],[-90.015,38.601],[-89.949,38.596],[-89.926,38.575],[-89.884,38.575],[-89.808,38.552],[-89.74,38.544],[-89.707,38.519],[-89.664,38.516],[-89.607,38.499],[-89.565,38.459],[-89.518,38.433],[-89.462,38.426],[-89.381,38.393],[-89.135,38.387],[-89.08,38.363],[-89.004,38.359],[-88.956,38.336],[-88.932,38.273],[-88.9,38.274]]]}},{"type":"Feature","properties":{"layer":"interstates","name":"I-670"},"geometry":{"type":"MultiLineString","coordinates":[[[-94.566,39.096],[-94.621,39.1],[-94.633,39.092]],[[-94.635,39.092],[-94.621,39.099],[-94.565,39.096]]]}},{"type":"Feature","properties":{"layer":"interstates","name":"I-70"},"geometry":{"type":"MultiLineString","coordinates":[[[-94.573,39.107],[-94.57,39.097],[-94.544,39.096],[-94.534,39.073],[-94.464,39.048],[-94.09,39.012],[-93.733,39.001],[-93.636,38.99],[-93.593,38.994],[-93.465,38.979],[-93.235,38.969],[-93.203,38.961],[-92.996,38.947],[-92.974,38.933],[-92.578,38.94],[-92.511,38.974],[-92.15,38.954],[-91.969,38.952],[-91.946,38.945],[-91.82,38.938],[-91.724,38.912],[-91.658,38.911],[-91.623,38.894],[-91.535,38.908],[-91.465,38.902],[-91.28,38.848],[-91.235,38.845],[-91.185,38.82],[-91.114,38.818],[-91.016,38.83],[-90.901,38.804],[-90.868,38.81],[-90.57,38.796],[-90.433,38.746],[-90.379,38.743],[-90.303,38.72],[-90.24,38.684],[-90.209,38.678],[-90.189,38.644],[-90.162,38.649],[-90.143,38.634],[-90.104,38.662],[-90.021,38.675],[-89.988,38.701],[-89.92,38.717],[-89.909,38.747],[-89.901,38.752],[-89.763,38.766],[-89.73,38.784],[-89.626,38.787],[-89.546,38.832],[-89.513,38.833],[-89.345,38.88],[-89.279,38.912],[-89.252,38.918],[-89.236,38.933],[-89.117,38.979],[-88.987,38.974],[-88.9,38.999]],[[-90.961,38.817],[-90.899,38.804],[-90.869,38.81],[-90.57,38.795],[-90.434,38.746],[-90.379,38.743],[-90.303,38.72],[-90.241,38.684],[-90.209,38.678],[-90.189,38.643],[-90.163,38.649],[-90.143,38.633],[-90.104,38.661],[-90.021,38.675],[-89.988,38.701],[-89.92,38.717],[-89.902,38.751],[-89.76,38.766],[-89.731,38.784],[-89.626,38.787],[-89.546,38.831],[-89.513,38.833],[-89.344,38.88],[-89.279,38.913],[-89.251,38.918],[-89.237,38.933],[-89.117,38.979],[-88.986,38.974],[-88.9,38.999]],[[-95.9,39.058],[-95.811,39.051],[-95.756,39.054],[-95.706,39.07],[-95.669,39.057],[-95.67,39.042],[-95.651,39.035],[-95.567,39.03],[-95.431,39.002],[-95.289,38.998],[-95.256,38.99],[-95.184,38.998],[-95.034,39.067],[-94.849,39.105],[-94.68,39.106],[-94.631,39.092],[-94.617,39.114],[-94.576,39.107]],[[-95.9,39.058],[-95.82,39.05],[-95.758,39.054],[-95.706,39.07],[-95.669,39.057],[-95.671,39.042],[-95.651,39.035],[-95.567,39.03],[-95.431,39.002],[-95.289,38.998],[-95.256,38.99],[-95.184,38.997],[-95.033,39.067],[-94.851,39.105],[-94.698,39.106],[-94.63,39.092],[-94.617,39.114],[-94.573,39.106],[-94.57,39.096],[-94.546,39.096],[-94.535,39.073],[-94.466,39.048],[-94.156,39.017],[-93.733,39.001],[-93.635,38.989],[-93.593,38.994],[-93.465,38.979],[-93.257,38.971],[-93.203,38.961],[-92.996,38.947],[-92.972,38.933],[-92.578,38.94],[-92.512,38.974],[-92.15,38.954],[-91.969,38.952],[-91.946,38.944],[-91.823,38.938],[-91.725,38.912],[-91.659,38.91],[-91.623,38.894],[-91.537,38.908],[-91.464,38.901],[-91.28,38.848],[-91.235,38.845],[-91.186,38.82],[-91.113,38.818],[-91.018,38.83],[-90.961,38.817]],[[-90.254,38.69],[-90.247,38.687]],[[-90.254,38.69],[-90.208,38.678],[-90.188,38.642]]]}},{"type":"Feature","properties":{"layer":"interstates","name":"I-72"},"geometry":{"type":"MultiLineString","coordinates":[[[-88.9,39.91],[-88.99,39.907],[-89.044,39.862],[-89.049,39.84],[-89.083,39.832],[-89.527,39.838],[-89.539,39.834],[-89.554,39.813],[-89.595,39.802],[-89.607,39.757],[-89.626,39.746],[-89.701,39.742],[-89.737,39.752],[-89.796,39.752],[-89.828,39.742],[-90.147,39.738],[-90.204,39.689],[-90.268,39.681],[-90.519,39.681],[-90.625,39.692],[-90.662,39.681],[-90.824,39.67],[-90.886,39.687],[-90.996,39.693],[-91.068,39.716],[-91.101,39.713],[-91.134,39.74],[-91.182,39.718],[-91.221,39.722],[-91.295,39.757],[-91.308,39.737],[-91.392,39.715]],[[-91.392,39.715],[-91.308,39.737],[-91.296,39.753],[-91.222,39.722],[-91.182,39.718],[-91.134,39.74],[-91.101,39.713],[-91.068,39.716],[-90.997,39.693],[-90.886,39.686],[-90.824,39.67],[-90.658,39.681],[-90.623,39.692],[-90.519,39.681],[-90.269,39.68],[-90.204,39.688],[-90.148,39.737],[-89.828,39.741],[-89.795,39.752],[-89.638,39.743],[-89.607,39.756],[-89.596,39.798]],[[-89.592,39.802],[-89.554,39.813],[-89.539,39.834],[-89.524,39.838],[-89.083,39.832],[-89.049,39.839],[-89.043,39.862],[-88.99,39.905],[-88.9,39.91]],[[-89.596,39.802],[-89.595,39.802]]]}},{"type":"Feature","properties":{"layer":"interstates","name":"I-74"},"geometry":{"type":"MultiLineString","coordinates":[[[-89.593,40.7],[-89.559,40.651],[-89.488,40.621],[-89.276,40.622],[-89.233,40.61],[-89.19,40.609],[-89.079,40.541],[-89.024,40.537]],[[-89.027,40.529],[-89.031,40.467],[-89.017,40.44],[-88.963,40.433],[-88.9,40.4]],[[-89.027,40.532],[-89.031,40.468],[-89.019,40.441],[-88.962,40.433],[-88.9,40.4]],[[-89.593,40.7],[-89.559,40.652],[-89.488,40.622],[-89.276,40.623],[-89.234,40.611],[-89.189,40.609],[-89.079,40.542],[-89.024,40.537]]]}},{"type":"Feature","properties":{"layer":"public_land","name":"Fountain Grove CA"},"geometry":{"type":"Polygon","coordinates":[[[-93.326,39.684],[-93.29,39.68],[-93.287,39.666],[-93.289,39.696],[-93.242,39.718],[-93.279,39.726],[-93.289,39.697],[-93.319,39.711],[-93.316,39.733],[-93.338,39.725],[-93.34,39.747],[-93.359,39.747],[-93.36,39.717],[-93.345,39.707],[-93.353,39.681],[-93.335,39.683],[-93.335,39.667],[-93.318,39.677],[-93.326,39.684]]]}},{"type":"Feature","properties":{"layer":"public_land","name":"Daniel Boone CA"},"geometry":{"type":"Polygon","coordinates":[[[-91.379,38.765],[-91.351,38.779],[-91.369,38.801],[-91.417,38.787],[-91.412,38.761],[-91.379,38.765]]]}},{"type":"Feature","properties":{"layer":"public_land","name":"Dupont Reservation CA"},"geometry":{"type":"Polygon","coordinates":[[[-91.171,39.552],[-91.161,39.552],[-91.182,39.57],[-91.212,39.559],[-91.171,39.552]]]}},{"type":"Feature","properties":{"layer":"public_land","name":"Logan Creek CA"},"geometry":{"type":"MultiPolygon","coordinates":[[[[-91.108,37.341],[-91.078,37.331],[-91.076,37.312],[-91.021,37.324],[-91.048,37.326],[-91.049,37.339],[-91.051,37.323],[-91.067,37.327],[-91.066,37.356],[-91.108,37.341]]],[[[-91.119,37.24],[-91.114,37.254],[-91.132,37.255],[-91.121,37.203],[-91.097,37.2],[-91.074,37.224],[-91.102,37.222],[-91.119,37.24]]],[[[-91.082,37.261],[-91.1,37.265],[-91.085,37.234],[-91.042,37.242],[-91.082,37.261]]],[[[-91.109,37.312],[-91.123,37.283],[-91.085,37.297],[-91.08,37.319],[-91.109,37.312]]],[[[-91.059,37.283],[-91.064,37.261],[-91.05,37.261],[-91.041,37.282],[-91.059,37.283]]],[[[-91.032,37.272],[-91.032,37.257],[-91.014,37.253],[-91.032,37.272]]],[[[-91.159,37.284],[-91.159,37.269],[-91.141,37.269],[-91.159,37.284]]]]}},{"type":"Feature","properties":{"layer":"public_land","name":"Graves Mountain CA"},"geometry":{"type":"MultiPolygon","coordinates":[[[[-90.508,37.313],[-90.515,37.295],[-90.504,37.287],[-90.49,37.302],[-90.508,37.313]]],[[[-90.587,37.273],[-90.588,37.246],[-90.575,37.246],[-90.574,37.273],[-90.587,37.273]]]]}},{"type":"Feature","properties":{"layer":"public_land","name":"Rocky Creek CA"},"geometry":{"type":"MultiPolygon","coordinates":[[[[-91.391,37.115],[-91.383,37.078],[-91.365,37.075],[-91.375,37.046],[-91.347,37.046],[-91.335,37.064],[-91.345,37.118],[-91.391,37.115]]],[[[-91.323,37.064],[-91.325,37.046],[-91.237,37.043],[-91.236,37.058],[-91.281,37.056],[-91.272,37.066],[-91.29,37.074],[-91.272,37.081],[-91.308,37.082],[-91.323,37.064]]],[[[-91.206,37.208],[-91.215,37.186],[-91.171,37.186],[-91.17,37.2],[-91.135,37.207],[-91.14,37.255],[-91.159,37.255],[-91.161,37.208],[-91.196,37.216],[-91.206,37.193],[-91.206,37.208]]],[[[-91.488,37.117],[-91.491,37.076],[-91.436,37.075],[-91.423,37.093],[-91.488,37.117]]],[[[-91.207,37.158],[-91.198,37.14],[-91.234,37.13],[-91.239,37.145],[-91.239,37.123],[-91.221,37.112],[-91.176,37.133],[-91.166,37.167],[-91.206,37.173],[-91.207,37.158]]],[[[-91.419,37.093],[-91.437,37.045],[-91.384,37.046],[-91.419,37.093]]],[[[-91.15,37.114],[-91.177,37.126],[-91.173,37.107],[-91.145,37.106],[-91.164,37.085],[-91.114,37.084],[-91.13,37.12],[-91.15,37.114]]],[[[-91.514,37.09],[-91.527,37.062],[-91.501,37.045],[-91.491,37.076],[-91.514,37.09]]],[[[-91.261,37.182],[-91.252,37.153],[-91.221,37.148],[-91.22,37.173],[-91.261,37.182]]],[[[-91.271,37.106],[-91.303,37.093],[-91.253,37.091],[-91.271,37.106]]],[[[-91.073,37.129],[-91.104,37.101],[-91.063,37.105],[-91.073,37.129]]],[[[-91.249,37.087],[-91.218,37.072],[-91.217,37.086],[-91.249,37.087]]]]}},{"type":"Feature","properties":{"layer":"public_land","name":"Coldwater CA"},"geometry":{"type":"MultiPolygon","coordinates":[[[[-90.35,37.291],[-90.397,37.296],[-90.397,37.285],[-90.44,37.286],[-90.44,37.274],[-90.408,37.266],[-90.423,37.251],[-90.365,37.255],[-90.339,37.228],[-90.328,37.243],[-90.365,37.262],[-90.35,37.291]]],[[[-90.295,37.223],[-90.329,37.21],[-90.329,37.192],[-90.284,37.202],[-90.295,37.223]]],[[[-90.265,37.283],[-90.293,37.269],[-90.274,37.236],[-90.274,37.268],[-90.255,37.267],[-90.265,37.283]]],[[[-90.32,37.285],[-90.311,37.299],[-90.326,37.299],[-90.32,37.285]]]]}},{"type":"Feature","properties":{"layer":"public_land","name":"Spring Creek Gap CA"},"geometry":{"type":"Polygon","coordinates":[[[-91.802,38.132],[-91.783,38.143],[-91.788,38.166],[-91.82,38.146],[-91.802,38.132]]]}},{"type":"Feature","properties":{"layer":"public_land","name":"Rockwoods Range"},"geometry":{"type":"Polygon","coordinates":[[[-90.694,38.532],[-90.721,38.537],[-90.699,38.523],[-90.704,38.504],[-90.681,38.511],[-90.694,38.532]]]}},{"type":"Feature","properties":{"layer":"public_land","name":"Lake Paho CA"},"geometry":{"type":"Polygon","coordinates":[[[-93.653,40.395],[-93.656,40.439],[-93.685,40.437],[-93.685,40.417],[-93.666,40.415],[-93.685,40.406],[-93.653,40.395]]]}},{"type":"Feature","properties":{"layer":"public_land","name":"Pea Ridge CA"},"geometry":{"type":"MultiPolygon","coordinates":[[[[-91.012,38.096],[-91.03,38.107],[-91.03,38.081],[-91.007,38.054],[-90.97,38.058],[-90.947,38.08],[-90.96,38.11],[-90.965,38.088],[-91.011,38.083],[-91.012,38.096]]],[[[-90.868,38.099],[-90.901,38.077],[-90.863,38.081],[-90.868,38.099]]],[[[-90.998,38.024],[-91.012,38.008],[-91.007,38.019],[-90.985,38.011],[-90.998,38.024]]],[[[-90.826,38.044],[-90.834,38.02],[-90.812,38.029],[-90.826,38.044]]],[[[-90.802,38.032],[-90.793,38.043],[-90.807,38.051],[-90.802,38.032]]]]}},{"type":"Feature","properties":{"layer":"public_land","name":"Busch (August A) Mem CA"},"geometry":{"type":"Polygon","coordinates":[[[-90.713,38.702],[-90.696,38.712],[-90.749,38.744],[-90.796,38.739],[-90.797,38.693],[-90.778,38.692],[-90.793,38.698],[-90.779,38.707],[-90.713,38.702]]]}},{"type":"Feature","properties":{"layer":"public_land","name":"Duck Creek CA"},"geometry":{"type":"Polygon","coordinates":[[[-90.143,37.071],[-90.134,37.053],[-90.148,37.045],[-90.111,37.053],[-90.105,37.003],[-90.074,37.018],[-90.073,37.055],[-90.087,37.068],[-90.143,37.071]]]}},{"type":"Feature","properties":{"layer":"public_land","name":"Otter Slough CA"},"geometry":{"type":"Polygon","coordinates":[[[-90.13,36.743],[-90.138,36.718],[-90.119,36.719],[-90.154,36.703],[-90.138,36.667],[-90.137,36.689],[-90.101,36.689],[-90.095,36.754],[-90.112,36.736],[-90.13,36.743]]]}},{"type":"Feature","properties":{"layer":"public_land","name":"Caney Mountain CA"},"geometry":{"type":"Polygon","coordinates":[[[-92.438,36.654],[-92.388,36.675],[-92.388,36.697],[-92.469,36.723],[-92.478,36.705],[-92.45,36.694],[-92.451,36.662],[-92.438,36.654]]]}},{"type":"Feature","properties":{"layer":"public_land","name":"Peck Ranch CA"},"geometry":{"type":"Polygon","coordinates":[[[-91.086,37.058],[-91.045,37.067],[-91.064,37.103],[-91.109,37.1],[-91.11,37.084],[-91.217,37.086],[-91.219,37.0],[-91.112,36.998],[-91.111,37.041],[-91.073,37.045],[-91.086,37.058]]]}},{"type":"Feature","properties":{"layer":"public_land","name":"Hunnewell Lake CA"},"geometry":{"type":"Polygon","coordinates":[[[-91.876,39.717],[-91.888,39.717],[-91.893,39.69],[-91.851,39.702],[-91.846,39.72],[-91.874,39.731],[-91.876,39.717]]]}},{"type":"Feature","properties":{"layer":"public_land","name":"Drury-Mincy CA"},"geometry":{"type":"MultiPolygon","coordinates":[[[[-93.135,36.557],[-93.137,36.536],[-93.11,36.536],[-93.083,36.507],[-93.029,36.511],[-93.097,36.526],[-93.105,36.557],[-93.135,36.557]]],[[[-93.101,36.557],[-93.06,36.55],[-93.05,36.573],[-93.092,36.579],[-93.101,36.557]]]]}},{"type":"Feature","properties":{"layer":"public_land","name":"Rockwoods Reservation"},"geometry":{"type":"Polygon","coordinates":[[[-90.665,38.573],[-90.682,38.581],[-90.68,38.551],[-90.652,38.549],[-90.661,38.562],[-90.64,38.553],[-90.635,38.569],[-90.665,38.573]]]}},{"type":"Feature","properties":{"layer":"public_land","name":"Reed (James A) Mem WA"},"geometry":{"type":"Polygon","coordinates":[[[-94.343,38.856],[-94.305,38.853],[-94.312,38.894],[-94.34,38.895],[-94.343,38.856]]]}},{"type":"Feature","properties":{"layer":"public_land","name":"Montrose CA"},"geometry":{"type":"Polygon","coordinates":[[[-93.947,38.309],[-93.96,38.325],[-93.965,38.311],[-94.001,38.316],[-93.961,38.292],[-93.916,38.305],[-93.925,38.319],[-93.947,38.309]]]}},{"type":"Feature","properties":{"layer":"public_land","name":"Hornersville Swamp CA"},"geometry":{"type":"Polygon","coordinates":[[[-90.112,35.998],[-90.09,35.998],[-90.075,36.06],[-90.09,36.061],[-90.112,36.031],[-90.112,35.998]]]}},{"type":"Feature","properties":{"layer":"public_land","name":"Schell-Osage CA"},"geometry":{"type":"Polygon","coordinates":[[[-94.043,37.965],[-94.014,37.993],[-94.018,38.009],[-94.048,38.011],[-94.049,38.035],[-94.083,38.031],[-94.104,38.047],[-94.114,38.011],[-94.046,37.98],[-94.043,37.965]]]}},{"type":"Feature","properties":{"layer":"public_land","name":"Huzzah CA"},"geometry":{"type":"MultiPolygon","coordinates":[[[[-91.192,38.064],[-91.235,38.051],[-91.208,38.014],[-91.192,38.006],[-91.182,38.028],[-91.16,38.009],[-91.141,38.016],[-91.177,38.039],[-91.159,38.056],[-91.193,38.05],[-91.192,38.064]]],[[[-91.173,38.013],[-91.187,38.01],[-91.173,38.002],[-91.173,38.013]]]]}},{"type":"Feature","properties":{"layer":"public_land","name":"Deer Ridge CA"},"geometry":{"type":"MultiPolygon","coordinates":[[[[-91.84,40.219],[-91.867,40.216],[-91.873,40.192],[-91.799,40.159],[-91.77,40.166],[-91.84,40.219]]],[[[-91.829,40.159],[-91.824,40.127],[-91.804,40.13],[-91.829,40.159]]]]}},{"type":"Feature","properties":{"layer":"public_land","name":"Diggs (Marshall I) CA"},"geometry":{"type":"Polygon","coordinates":[[[-91.611,39.059],[-91.642,39.083],[-91.643,39.059],[-91.611,39.059]]]}},{"type":"Feature","properties":{"layer":"public_land","name":"Sever (Henry) Lake CA"},"geometry":{"type":"Polygon","coordinates":[[[-91.98,40.0],[-91.971,40.022],[-92.003,40.029],[-91.98,40.0]]]}},{"type":"Feature","properties":{"layer":"public_land","name":"Reifsnider (Frank, Emma Elizabeth and Edna) SF"},"geometry":{"type":"Polygon","coordinates":[[[-91.113,38.792],[-91.127,38.775],[-91.092,38.767],[-91.093,38.785],[-91.113,38.792]]]}},{"type":"Feature","properties":{"layer":"public_land","name":"Pony Express Lake CA"},"geometry":{"type":"Polygon","coordinates":[[[-94.401,39.776],[-94.367,39.798],[-94.386,39.828],[-94.405,39.828],[-94.41,39.813],[-94.401,39.776]]]}},{"type":"Feature","properties":{"layer":"public_land","name":"Bismarck CA"},"geometry":{"type":"Polygon","coordinates":[[[-90.654,37.712],[-90.626,37.735],[-90.649,37.739],[-90.654,37.712]]]}},{"type":"Feature","properties":{"layer":"public_land","name":"Atlanta CA"},"geometry":{"type":"Polygon","coordinates":[[[-92.497,39.861],[-92.479,39.868],[-92.485,39.89],[-92.519,39.891],[-92.52,39.862],[-92.497,39.861]]]}},{"type":"Feature","properties":{"layer":"public_land","name":"Pleasant Hope CA"},"geometry":{"type":"Polygon","coordinates":[[[-93.3,37.449],[-93.318,37.428],[-93.291,37.42],[-93.3,37.449]]]}},{"type":"Feature","properties":{"layer":"public_land","name":"Taberville Prairie CA"},"geometry":{"type":"Polygon","coordinates":[[[-93.966,38.036],[-93.965,38.058],[-93.997,38.066],[-93.984,38.051],[-94.003,38.044],[-93.966,38.036]]]}},{"type":"Feature","properties":{"layer":"public_land","name":"Honey Creek CA"},"geometry":{"type":"Polygon","coordinates":[[[-94.996,39.938],[-94.965,39.944],[-94.967,39.963],[-94.992,39.968],[-94.996,39.938]]]}},{"type":"Feature","properties":{"layer":"public_land","name":"Osage Prairie CA"},"geometry":{"type":"Polygon","coordinates":[[[-94.33,37.728],[-94.316,37.75],[-94.343,37.761],[-94.33,37.728]]]}},{"type":"Feature","properties":{"layer":"public_land","name":"Upper Mississippi CA"},"geometry":{"type":"MultiPolygon","coordinates":[[[[-91.446,39.862],[-91.429,39.936],[-91.46,39.891],[-91.45,39.834],[-91.446,39.862]]],[[[-90.525,38.868],[-90.517,38.882],[-90.564,38.866],[-90.525,38.868]]],[[[-90.237,38.9],[-90.256,38.9],[-90.213,38.882],[-90.237,38.9]]],[[[-90.275,38.918],[-90.285,38.915],[-90.263,38.901],[-90.225,38.903],[-90.275,38.918]]],[[[-90.383,38.95],[-90.395,38.951],[-90.374,38.938],[-90.383,38.95]]],[[[-90.709,39.138],[-90.699,39.126],[-90.713,39.149],[-90.709,39.138]]],[[[-90.942,39.388],[-90.953,39.39],[-90.924,39.382],[-90.942,39.388]]],[[[-91.199,39.606],[-91.173,39.566],[-91.177,39.593],[-91.199,39.606]]],[[[-91.37,39.755],[-91.401,39.756],[-91.376,39.733],[-91.37,39.755]]]]}},{"type":"Feature","properties":{"layer":"public_land","name":"Indian Trail CA"},"geometry":{"type":"Polygon","coordinates":[[[-91.376,37.67],[-91.357,37.673],[-91.357,37.688],[-91.311,37.677],[-91.311,37.695],[-91.329,37.7],[-91.311,37.707],[-91.31,37.733],[-91.395,37.756],[-91.397,37.734],[-91.379,37.733],[-91.397,37.73],[-91.389,37.701],[-91.43,37.694],[-91.376,37.67]]]}},{"type":"Feature","properties":{"layer":"public_land","name":"Meramec CA"},"geometry":{"type":"Polygon","coordinates":[[[-91.034,38.253],[-91.081,38.232],[-91.077,38.217],[-91.094,38.207],[-91.028,38.217],[-91.034,38.253]]]}},{"type":"Feature","properties":{"layer":"public_land","name":"Bennitt (Rudolf) CA"},"geometry":{"type":"Polygon","coordinates":[[[-92.453,39.264],[-92.453,39.275],[-92.462,39.264],[-92.481,39.275],[-92.484,39.257],[-92.454,39.235],[-92.408,39.252],[-92.435,39.261],[-92.43,39.278],[-92.453,39.264]]]}},{"type":"Feature","properties":{"layer":"public_land","name":"Brickyard Hill CA"},"geometry":{"type":"Polygon","coordinates":[[[-95.569,40.495],[-95.582,40.505],[-95.586,40.463],[-95.558,40.44],[-95.544,40.458],[-95.581,40.472],[-95.565,40.48],[-95.569,40.495]]]}},{"type":"Feature","properties":{"layer":"public_land","name":"Anderson (Edward) CA"},"geometry":{"type":"Polygon","coordinates":[[[-91.204,39.599],[-91.234,39.609],[-91.225,39.595],[-91.198,39.59],[-91.204,39.599]]]}},{"type":"Feature","properties":{"layer":"public_land","name":"Huckleberry Ridge CA"},"geometry":{"type":"Polygon","coordinates":[[[-94.318,36.579],[-94.298,36.611],[-94.317,36.607],[-94.311,36.596],[-94.353,36.602],[-94.318,36.579]]]}},{"type":"Feature","properties":{"layer":"public_land","name":"Big Buffalo Creek CA"},"geometry":{"type":"MultiPolygon","coordinates":[[[[-93.077,38.358],[-93.106,38.355],[-93.107,38.333],[-93.065,38.339],[-93.088,38.351],[-93.077,38.358]]],[[[-93.034,38.387],[-93.059,38.368],[-93.055,38.353],[-93.016,38.377],[-93.034,38.387]]]]}},{"type":"Feature","properties":{"layer":"public_land","name":"Bull Shoals Lake ML"},"geometry":{"type":"MultiPolygon","coordinates":[[[[-93.056,36.524],[-93.009,36.498],[-93.047,36.533],[-93.037,36.55],[-93.054,36.538],[-93.047,36.528],[-93.061,36.536],[-93.037,36.575],[-93.064,36.588],[-93.077,36.577],[-93.099,36.601],[-93.072,36.589],[-93.046,36.606],[-93.059,36.602],[-93.048,36.622],[-93.015,36.612],[-93.006,36.627],[-93.028,36.627],[-93.019,36.635],[-93.035,36.643],[-93.004,36.663],[-93.024,36.67],[-93.013,36.686],[-92.975,36.689],[-93.01,36.7],[-93.031,36.681],[-93.025,36.655],[-93.056,36.64],[-93.063,36.692],[-93.099,36.687],[-93.089,36.71],[-93.104,36.725],[-93.097,36.704],[-93.126,36.66],[-93.068,36.685],[-93.079,36.672],[-93.069,36.65],[-93.085,36.654],[-93.036,36.632],[-93.066,36.63],[-93.069,36.595],[-93.098,36.618],[-93.129,36.596],[-93.051,36.575],[-93.06,36.55],[-93.087,36.552],[-93.056,36.524]]],[[[-92.892,36.51],[-92.899,36.499],[-92.88,36.498],[-92.892,36.51]]],[[[-92.762,36.512],[-92.799,36.498],[-92.748,36.498],[-92.762,36.512]]],[[[-92.869,36.528],[-92.87,36.498],[-92.845,36.5],[-92.861,36.499],[-92.848,36.511],[-92.869,36.528]]],[[[-92.995,36.523],[-93.004,36.535],[-92.999,36.519],[-93.016,36.522],[-92.998,36.515],[-93.003,36.498],[-92.984,36.498],[-92.989,36.513],[-92.961,36.498],[-92.969,36.529],[-92.995,36.523]]],[[[-92.938,36.547],[-92.952,36.531],[-92.931,36.515],[-92.936,36.498],[-92.912,36.498],[-92.919,36.515],[-92.903,36.525],[-92.928,36.518],[-92.938,36.547]]],[[[-92.793,36.551],[-92.782,36.574],[-92.797,36.565],[-92.794,36.527],[-92.726,36.498],[-92.726,36.512],[-92.75,36.517],[-92.729,36.526],[-92.749,36.522],[-92.748,36.535],[-92.754,36.523],[-92.747,36.551],[-92.76,36.551],[-92.761,36.529],[-92.793,36.551]]],[[[-92.633,36.654],[-92.62,36.627],[-92.639,36.593],[-92.657,36.592],[-92.653,36.61],[-92.682,36.631],[-92.661,36.605],[-92.676,36.587],[-92.652,36.583],[-92.666,36.574],[-92.657,36.565],[-92.684,36.569],[-92.666,36.562],[-92.675,36.551],[-92.657,36.559],[-92.662,36.532],[-92.646,36.547],[-92.628,36.537],[-92.647,36.537],[-92.635,36.521],[-92.652,36.523],[-92.624,36.507],[-92.644,36.512],[-92.651,36.5],[-92.61,36.498],[-92.617,36.522],[-92.579,36.53],[-92.594,36.544],[-92.553,36.564],[-92.576,36.562],[-92.565,36.581],[-92.587,36.573],[-92.602,36.535],[-92.628,36.558],[-92.652,36.55],[-92.621,36.62],[-92.596,36.63],[-92.615,36.63],[-92.633,36.654]]]]}},{"type":"Feature","properties":{"layer":"public_land","name":"Cash (Ben) Mem CA"},"geometry":{"type":"Polygon","coordinates":[[[-90.234,36.161],[-90.222,36.156],[-90.187,36.196],[-90.221,36.184],[-90.234,36.161]]]}},{"type":"Feature","properties":{"layer":"public_land","name":"Prairie Home CA"},"geometry":{"type":"Polygon","coordinates":[[[-92.583,38.756],[-92.591,38.778],[-92.569,38.763],[-92.568,38.781],[-92.6,38.786],[-92.583,38.756]]]}},{"type":"Feature","properties":{"layer":"public_land","name":"Thurnau (H F) CA"},"geometry":{"type":"MultiPolygon","coordinates":[[[[-95.441,40.195],[-95.473,40.181],[-95.439,40.163],[-95.424,40.179],[-95.444,40.179],[-95.441,40.195]]],[[[-95.424,40.154],[-95.437,40.161],[-95.432,40.143],[-95.407,40.143],[-95.424,40.154]]]]}},{"type":"Feature","properties":{"layer":"public_land","name":"Thomas Hill Reservoir CA"},"geometry":{"type":"Polygon","coordinates":[[[-92.61,39.7],[-92.622,39.697],[-92.63,39.624],[-92.645,39.617],[-92.637,39.635],[-92.653,39.658],[-92.644,39.631],[-92.66,39.613],[-92.64,39.596],[-92.656,39.56],[-92.597,39.573],[-92.587,39.595],[-92.625,39.583],[-92.601,39.595],[-92.621,39.619],[-92.588,39.667],[-92.606,39.653],[-92.61,39.7]]]}},{"type":"Feature","properties":{"layer":"public_land","name":"Blind Pony Lake CA"},"geometry":{"type":"Polygon","coordinates":[[[-93.353,39.054],[-93.377,39.064],[-93.379,39.026],[-93.362,39.026],[-93.327,39.06],[-93.345,39.069],[-93.353,39.054]]]}},{"type":"Feature","properties":{"layer":"public_land","name":"Fourche Creek CA"},"geometry":{"type":"Polygon","coordinates":[[[-91.087,36.498],[-91.017,36.498],[-91.017,36.514],[-91.053,36.526],[-91.087,36.498]]]}},{"type":"Feature","properties":{"layer":"public_land","name":"Poplar Bluff CA"},"geometry":{"type":"Polygon","coordinates":[[[-90.334,36.809],[-90.334,36.823],[-90.35,36.823],[-90.334,36.809]]]}},{"type":"Feature","properties":{"layer":"public_land","name":"Logan (William R) CA"},"geometry":{"type":"Polygon","coordinates":[[[-91.046,39.167],[-91.057,39.152],[-91.037,39.151],[-91.027,39.136],[-91.039,39.134],[-91.024,39.129],[-91.009,39.156],[-91.046,39.167]]]}},{"type":"Feature","properties":{"layer":"public_land","name":"Wappapello Lake ML"},"geometry":{"type":"Polygon","coordinates":[[[-90.505,37.194],[-90.483,37.19],[-90.514,37.235],[-90.529,37.217],[-90.505,37.194]]]}},{"type":"Feature","properties":{"layer":"public_land","name":"Ranacker CA"},"geometry":{"type":"Polygon","coordinates":[[[-91.298,39.44],[-91.283,39.461],[-91.306,39.467],[-91.311,39.418],[-91.287,39.432],[-91.298,39.44]]]}},{"type":"Feature","properties":{"layer":"public_land","name":"Bonanza CA"},"geometry":{"type":"Polygon","coordinates":[[[-93.946,39.631],[-93.96,39.634],[-93.974,39.612],[-93.925,39.613],[-93.946,39.631]]]}},{"type":"Feature","properties":{"layer":"public_land","name":"Helton (The Wayne) Mem WA"},"geometry":{"type":"Polygon","coordinates":[[[-93.792,40.224],[-93.787,40.257],[-93.835,40.257],[-93.835,40.235],[-93.792,40.224]]]}},{"type":"Feature","properties":{"layer":"public_land","name":"Shanks (Ted) CA"},"geometry":{"type":"Polygon","coordinates":[[[-91.173,39.552],[-91.136,39.504],[-91.108,39.503],[-91.07,39.473],[-91.097,39.531],[-91.173,39.552]]]}},{"type":"Feature","properties":{"layer":"public_land","name":"Woods (Woodson K) Mem CA"},"geometry":{"type":"Polygon","coordinates":[[[-91.563,37.978],[-91.558,37.958],[-91.508,37.962],[-91.526,37.941],[-91.471,37.916],[-91.476,37.945],[-91.508,37.962],[-91.503,37.977],[-91.524,37.969],[-91.526,37.983],[-91.558,37.995],[-91.563,37.978]]]}},{"type":"Feature","properties":{"layer":"public_land","name":"Little Black CA"},"geometry":{"type":"MultiPolygon","coordinates":[[[[-90.79,36.768],[-90.836,36.761],[-90.786,36.733],[-90.79,36.768]]],[[[-90.74,36.768],[-90.754,36.768],[-90.749,36.754],[-90.74,36.768]]]]}},{"type":"Feature","properties":{"layer":"public_land","name":"Perry (Ralph and Martha) Mem CA"},"geometry":{"type":"MultiPolygon","coordinates":[[[[-93.564,38.921],[-93.582,38.902],[-93.523,38.888],[-93.498,38.899],[-93.564,38.921]]],[[[-93.482,38.945],[-93.496,38.914],[-93.459,38.939],[-93.482,38.945]]]]}},{"type":"Feature","properties":{"layer":"public_land","name":"Sugar Creek CA"},"geometry":{"type":"Polygon","coordinates":[[[-92.609,40.09],[-92.605,40.106],[-92.633,40.103],[-92.633,40.125],[-92.671,40.114],[-92.609,40.09]]]}},{"type":"Feature","properties":{"layer":"public_land","name":"Bluffwoods CA"},"geometry":{"type":"Polygon","coordinates":[[[-94.948,39.611],[-94.921,39.633],[-94.933,39.64],[-94.913,39.647],[-94.936,39.651],[-94.974,39.625],[-94.948,39.611]]]}},{"type":"Feature","properties":{"layer":"public_land","name":"Weldon Spring CA"},"geometry":{"type":"MultiPolygon","coordinates":[[[[-90.696,38.711],[-90.734,38.687],[-90.797,38.693],[-90.797,38.68],[-90.739,38.646],[-90.716,38.675],[-90.665,38.689],[-90.682,38.687],[-90.696,38.711]]],[[[-90.77,38.614],[-90.805,38.594],[-90.775,38.597],[-90.77,38.614]]]]}},{"type":"Feature","properties":{"layer":"public_land","name":"Wah'Kon-Tah Prairie"},"geometry":{"type":"Polygon","coordinates":[[[-94.011,37.885],[-93.984,37.876],[-93.981,37.927],[-94.023,37.928],[-94.0,37.913],[-94.028,37.91],[-94.011,37.885]]]}},{"type":"Feature","properties":{"layer":"public_land","name":"Reform CA"},"geometry":{"type":"Polygon","coordinates":[[[-91.779,38.706],[-91.765,38.75],[-91.75,38.753],[-91.797,38.763],[-91.807,38.743],[-91.789,38.743],[-91.782,38.717],[-91.795,38.713],[-91.779,38.706]]]}},{"type":"Feature","properties":{"layer":"public_land","name":"Whetstone Creek CA"},"geometry":{"type":"Polygon","coordinates":[[[-91.713,38.985],[-91.746,38.974],[-91.733,38.934],[-91.686,38.937],[-91.69,38.97],[-91.713,38.985]]]}},{"type":"Feature","properties":{"layer":"public_land","name":"Ketcherside Mountain CA"},"geometry":{"type":"MultiPolygon","coordinates":[[[[-90.67,37.56],[-90.713,37.566],[-90.697,37.565],[-90.702,37.546],[-90.68,37.548],[-90.689,37.511],[-90.675,37.498],[-90.657,37.503],[-90.662,37.517],[-90.643,37.513],[-90.678,37.541],[-90.67,37.56]]],[[[-90.788,37.569],[-90.798,37.547],[-90.77,37.55],[-90.77,37.583],[-90.788,37.569]]]]}},{"type":"Feature","properties":{"layer":"public_land","name":"Stockton Lake ML"},"geometry":{"type":"MultiPolygon","coordinates":[[[[-93.756,37.524],[-93.768,37.503],[-93.751,37.495],[-93.788,37.508],[-93.796,37.498],[-93.774,37.481],[-93.796,37.464],[-93.775,37.469],[-93.776,37.452],[-93.757,37.449],[-93.74,37.463],[-93.705,37.455],[-93.746,37.458],[-93.772,37.424],[-93.76,37.447],[-93.806,37.464],[-93.782,37.489],[-93.805,37.492],[-93.803,37.504],[-93.771,37.517],[-93.802,37.519],[-93.805,37.451],[-93.772,37.445],[-93.792,37.406],[-93.755,37.419],[-93.761,37.439],[-93.742,37.454],[-93.693,37.451],[-93.737,37.47],[-93.756,37.45],[-93.772,37.473],[-93.79,37.471],[-93.775,37.489],[-93.747,37.491],[-93.748,37.504],[-93.764,37.503],[-93.756,37.524]]],[[[-93.652,37.592],[-93.666,37.593],[-93.646,37.582],[-93.651,37.57],[-93.633,37.584],[-93.62,37.566],[-93.589,37.574],[-93.587,37.557],[-93.556,37.557],[-93.565,37.543],[-93.534,37.533],[-93.592,37.561],[-93.618,37.552],[-93.603,37.531],[-93.633,37.565],[-93.648,37.558],[-93.66,37.572],[-93.671,37.559],[-93.639,37.562],[-93.606,37.522],[-93.595,37.53],[-93.616,37.553],[-93.573,37.549],[-93.509,37.498],[-93.526,37.517],[-93.523,37.539],[-93.553,37.546],[-93.558,37.569],[-93.582,37.558],[-93.583,37.574],[-93.616,37.57],[-93.611,37.579],[-93.633,37.589],[-93.644,37.573],[-93.652,37.592]]],[[[-93.858,37.48],[-93.867,37.487],[-93.826,37.496],[-93.831,37.512],[-93.851,37.509],[-93.83,37.515],[-93.843,37.533],[-93.825,37.526],[-93.805,37.541],[-93.822,37.543],[-93.825,37.528],[-93.853,37.539],[-93.834,37.519],[-93.868,37.509],[-93.831,37.498],[-93.883,37.485],[-93.878,37.469],[-93.858,37.48]]],[[[-93.858,37.48],[-93.817,37.483],[-93.816,37.52],[-93.821,37.487],[-93.844,37.494],[-93.858,37.48]]]]}},{"type":"Feature","properties":{"layer":"public_land","name":"Heath (Charlie) Mem CA"},"geometry":{"type":"Polygon","coordinates":[[[-91.871,40.591],[-91.909,40.584],[-91.842,40.562],[-91.873,40.577],[-91.871,40.591]]]}},{"type":"Feature","properties":{"layer":"public_land","name":"Kearn (J N Turkey) Mem WA"},"geometry":{"type":"MultiPolygon","coordinates":[[[[-93.528,38.666],[-93.518,38.651],[-93.495,38.657],[-93.507,38.671],[-93.528,38.666]]],[[[-93.514,38.645],[-93.528,38.644],[-93.526,38.627],[-93.514,38.645]]]]}},{"type":"Feature","properties":{"layer":"public_land","name":"Saline Valley CA"},"geometry":{"type":"Polygon","coordinates":[[[-92.443,38.251],[-92.427,38.272],[-92.389,38.277],[-92.395,38.289],[-92.432,38.28],[-92.445,38.295],[-92.434,38.321],[-92.465,38.302],[-92.513,38.312],[-92.509,38.299],[-92.45,38.294],[-92.46,38.27],[-92.448,38.275],[-92.443,38.251]]]}},{"type":"Feature","properties":{"layer":"public_land","name":"Buford Mountain CA"},"geometry":{"type":"Polygon","coordinates":[[[-90.682,37.714],[-90.696,37.724],[-90.682,37.736],[-90.733,37.74],[-90.728,37.717],[-90.7,37.706],[-90.701,37.679],[-90.673,37.697],[-90.682,37.714]]]}},{"type":"Feature","properties":{"layer":"public_land","name":"Monkey Mountain CA"},"geometry":{"type":"Polygon","coordinates":[[[-95.008,39.937],[-95.021,39.931],[-95.023,39.9],[-94.99,39.898],[-95.008,39.937]]]}},{"type":"Feature","properties":{"layer":"public_land","name":"Howell Island CA"},"geometry":{"type":"Polygon","coordinates":[[[-90.736,38.638],[-90.675,38.679],[-90.716,38.671],[-90.736,38.638]]]}},{"type":"Feature","properties":{"layer":"public_land","name":"Burr Oak Woods CA"},"geometry":{"type":"MultiPolygon","coordinates":[[[[-94.294,39.042],[-94.279,39.053],[-94.308,39.054],[-94.305,39.037],[-94.294,39.042]]],[[[-94.293,39.062],[-94.303,39.053],[-94.284,39.053],[-94.293,39.062]]]]}},{"type":"Feature","properties":{"layer":"public_land","name":"Bushwhacker Lake CA"},"geometry":{"type":"Polygon","coordinates":[[[-94.395,37.685],[-94.474,37.654],[-94.379,37.649],[-94.395,37.685]]]}},{"type":"Feature","properties":{"layer":"public_land","name":"Little Indian Creek CA"},"geometry":{"type":"Polygon","coordinates":[[[-90.904,38.243],[-90.956,38.223],[-90.962,38.192],[-90.915,38.194],[-90.905,38.208],[-90.924,38.226],[-90.904,38.243]]]}},{"type":"Feature","properties":{"layer":"public_land","name":"Castor River CA"},"geometry":{"type":"MultiPolygon","coordinates":[[[[-90.115,37.204],[-90.117,37.193],[-90.152,37.196],[-90.161,37.218],[-90.147,37.232],[-90.174,37.232],[-90.184,37.225],[-90.165,37.214],[-90.189,37.221],[-90.202,37.188],[-90.175,37.166],[-90.161,37.18],[-90.138,37.166],[-90.144,37.177],[-90.105,37.194],[-90.115,37.204]]],[[[-90.161,37.255],[-90.184,37.251],[-90.165,37.236],[-90.151,37.243],[-90.161,37.255]]],[[[-90.19,37.292],[-90.184,37.281],[-90.203,37.282],[-90.202,37.266],[-90.188,37.257],[-90.156,37.296],[-90.184,37.313],[-90.211,37.308],[-90.19,37.292]]]]}},{"type":"Feature","properties":{"layer":"public_land","name":"Long Branch Lake ML"},"geometry":{"type":"MultiPolygon","coordinates":[[[[-92.516,39.896],[-92.538,39.877],[-92.523,39.86],[-92.526,39.825],[-92.513,39.827],[-92.516,39.896]]],[[[-92.49,39.865],[-92.506,39.825],[-92.493,39.829],[-92.49,39.865]]]]}},{"type":"Feature","properties":{"layer":"public_land","name":"General Watkins CA"},"geometry":{"type":"Polygon","coordinates":[[[-89.624,37.061],[-89.599,37.067],[-89.604,37.083],[-89.631,37.075],[-89.624,37.061]]]}},{"type":"Feature","properties":{"layer":"public_land","name":"Franklin Island CA"},"geometry":{"type":"Polygon","coordinates":[[[-92.684,38.987],[-92.711,39.004],[-92.725,38.986],[-92.666,38.978],[-92.684,38.987]]]}},{"type":"Feature","properties":{"layer":"public_land","name":"Rocky Fork Lakes CA"},"geometry":{"type":"Polygon","coordinates":[[[-92.281,39.075],[-92.309,39.09],[-92.321,39.069],[-92.316,39.056],[-92.259,39.068],[-92.281,39.075]]]}},{"type":"Feature","properties":{"layer":"public_land","name":"Clearwater Lake ML"},"geometry":{"type":"Polygon","coordinates":[[[-90.779,37.166],[-90.81,37.169],[-90.809,37.184],[-90.823,37.182],[-90.814,37.2],[-90.855,37.2],[-90.856,37.227],[-90.873,37.23],[-90.864,37.197],[-90.832,37.186],[-90.841,37.179],[-90.807,37.15],[-90.872,37.143],[-90.875,37.125],[-90.838,37.13],[-90.838,37.118],[-90.797,37.147],[-90.779,37.129],[-90.756,37.158],[-90.768,37.181],[-90.748,37.188],[-90.794,37.184],[-90.751,37.203],[-90.777,37.218],[-90.755,37.23],[-90.769,37.234],[-90.758,37.27],[-90.781,37.275],[-90.76,37.3],[-90.778,37.303],[-90.775,37.316],[-90.787,37.308],[-90.776,37.289],[-90.798,37.274],[-90.776,37.266],[-90.777,37.244],[-90.831,37.256],[-90.809,37.233],[-90.788,37.239],[-90.782,37.203],[-90.795,37.203],[-90.797,37.182],[-90.779,37.166]]]}},{"type":"Feature","properties":{"layer":"public_land","name":"Elam Bend CA"},"geometry":{"type":"Polygon","coordinates":[[[-94.26,40.081],[-94.248,40.093],[-94.274,40.092],[-94.28,40.063],[-94.246,40.069],[-94.26,40.081]]]}},{"type":"Feature","properties":{"layer":"public_land","name":"Platte Falls CA"},"geometry":{"type":"Polygon","coordinates":[[[-94.729,39.405],[-94.79,39.378],[-94.734,39.376],[-94.74,39.39],[-94.714,39.395],[-94.729,39.405]]]}},{"type":"Feature","properties":{"layer":"public_land","name":"Poosey CA"},"geometry":{"type":"Polygon","coordinates":[[[-93.712,39.96],[-93.725,39.955],[-93.706,39.946],[-93.706,39.931],[-93.724,39.931],[-93.723,39.902],[-93.687,39.896],[-93.669,39.954],[-93.712,39.96]],[[-93.695,39.909],[-93.696,39.932],[-93.683,39.932],[-93.695,39.909]]]}},{"type":"Feature","properties":{"layer":"public_land","name":"Grand Trace CA"},"geometry":{"type":"Polygon","coordinates":[[[-94.102,40.31],[-94.093,40.346],[-94.13,40.328],[-94.102,40.31]]]}},{"type":"Feature","properties":{"layer":"public_land","name":"Coon Island CA"},"geometry":{"type":"Polygon","coordinates":[[[-90.339,36.562],[-90.329,36.603],[-90.348,36.582],[-90.358,36.528],[-90.378,36.538],[-90.386,36.516],[-90.352,36.521],[-90.339,36.562]]]}},{"type":"Feature","properties":{"layer":"public_land","name":"Rebel's Cove CA"},"geometry":{"type":"Polygon","coordinates":[[[-92.686,40.548],[-92.668,40.556],[-92.683,40.578],[-92.734,40.572],[-92.729,40.54],[-92.686,40.548]]]}},{"type":"Feature","properties":{"layer":"public_land","name":"Cooley Lake CA"},"geometry":{"type":"MultiPolygon","coordinates":[[[[-94.234,39.27],[-94.268,39.259],[-94.24,39.258],[-94.243,39.239],[-94.23,39.245],[-94.234,39.27]]],[[[-94.239,39.237],[-94.25,39.236],[-94.231,39.22],[-94.239,39.237]]]]}},{"type":"Feature","properties":{"layer":"public_land","name":"Fox Valley Lake CA"},"geometry":{"type":"MultiPolygon","coordinates":[[[[-91.776,40.513],[-91.785,40.495],[-91.766,40.48],[-91.755,40.501],[-91.776,40.513]]],[[[-91.819,40.478],[-91.828,40.459],[-91.813,40.444],[-91.819,40.478]]]]}},{"type":"Feature","properties":{"layer":"public_land","name":"Grand Pass CA"},"geometry":{"type":"Polygon","coordinates":[[[-93.319,39.31],[-93.343,39.294],[-93.317,39.267],[-93.302,39.289],[-93.28,39.277],[-93.267,39.298],[-93.319,39.31]]]}},{"type":"Feature","properties":{"layer":"public_land","name":"Big Cane CA"},"geometry":{"type":"MultiPolygon","coordinates":[[[[-90.472,36.531],[-90.504,36.513],[-90.504,36.498],[-90.468,36.499],[-90.472,36.531]]],[[[-90.431,36.545],[-90.44,36.538],[-90.422,36.534],[-90.431,36.545]]]]}},{"type":"Feature","properties":{"layer":"public_land","name":"Lead Mine CA"},"geometry":{"type":"Polygon","coordinates":[[[-92.884,37.853],[-92.893,37.866],[-92.875,37.863],[-92.865,37.881],[-92.961,37.863],[-92.954,37.829],[-92.917,37.836],[-92.899,37.817],[-92.875,37.834],[-92.884,37.853]]]}},{"type":"Feature","properties":{"layer":"public_land","name":"Happy Holler Lake CA"},"geometry":{"type":"MultiPolygon","coordinates":[[[[-94.779,39.958],[-94.757,39.963],[-94.77,39.981],[-94.798,39.967],[-94.779,39.958]]],[[[-94.747,40.036],[-94.756,40.028],[-94.734,40.003],[-94.728,40.029],[-94.747,40.036]]]]}},{"type":"Feature","properties":{"layer":"public_land","name":"Seat (Emmett and Leah) Mem CA"},"geometry":{"type":"Polygon","coordinates":[[[-94.248,40.4],[-94.229,40.399],[-94.234,40.377],[-94.214,40.392],[-94.238,40.428],[-94.262,40.425],[-94.271,40.397],[-94.248,40.4]]]}},{"type":"Feature","properties":{"layer":"public_land","name":"Little Lost Creek CA"},"geometry":{"type":"Polygon","coordinates":[[[-91.275,38.8],[-91.294,38.758],[-91.26,38.753],[-91.251,38.782],[-91.275,38.8]]]}},{"type":"Feature","properties":{"layer":"public_land","name":"Talbot (Robert E) CA"},"geometry":{"type":"MultiPolygon","coordinates":[[[[-93.889,37.182],[-93.948,37.143],[-93.918,37.129],[-93.889,37.182]]],[[[-93.916,37.176],[-93.916,37.19],[-93.947,37.191],[-93.948,37.162],[-93.916,37.176]]]]}},{"type":"Feature","properties":{"layer":"public_land","name":"Big Creek CA"},"geometry":{"type":"Polygon","coordinates":[[[-92.633,40.151],[-92.61,40.154],[-92.615,40.184],[-92.633,40.173],[-92.633,40.151]]]}},{"type":"Feature","properties":{"layer":"public_land","name":"Fiery Fork CA"},"geometry":{"type":"Polygon","coordinates":[[[-92.941,38.079],[-92.929,38.095],[-92.952,38.096],[-92.974,38.075],[-92.945,38.066],[-92.941,38.079]]]}},{"type":"Feature","properties":{"layer":"public_land","name":"Canaan CA"},"geometry":{"type":"Polygon","coordinates":[[[-91.582,38.338],[-91.606,38.348],[-91.62,38.327],[-91.606,38.32],[-91.582,38.338]]]}},{"type":"Feature","properties":{"layer":"public_land","name":"Crowleys Ridge CA"},"geometry":{"type":"Polygon","coordinates":[[[-89.986,36.934],[-89.969,36.934],[-89.975,36.959],[-90.012,36.956],[-89.986,36.934]]]}},{"type":"Feature","properties":{"layer":"public_land","name":"Busiek SF and WA"},"geometry":{"type":"Polygon","coordinates":[[[-93.264,36.881],[-93.269,36.86],[-93.198,36.847],[-93.21,36.873],[-93.233,36.863],[-93.264,36.881]]]}},{"type":"Feature","properties":{"layer":"public_land","name":"Riverbreaks CA"},"geometry":{"type":"MultiPolygon","coordinates":[[[[-95.141,39.953],[-95.161,39.947],[-95.12,39.915],[-95.115,39.932],[-95.141,39.953]]],[[[-95.087,39.925],[-95.106,39.932],[-95.106,39.91],[-95.087,39.925]]]]}},{"type":"Feature","properties":{"layer":"public_land","name":"Brown (Bob) CA"},"geometry":{"type":"Polygon","coordinates":[[[-95.215,39.955],[-95.236,39.988],[-95.264,39.984],[-95.249,39.95],[-95.215,39.945],[-95.215,39.955]]]}},{"type":"Feature","properties":{"layer":"public_land","name":"Painted Rock CA"},"geometry":{"type":"Polygon","coordinates":[[[-92.11,38.381],[-92.098,38.421],[-92.12,38.418],[-92.114,38.401],[-92.127,38.386],[-92.11,38.381]]]}},{"type":"Feature","properties":{"layer":"public_land","name":"Harmony Mission Lake CA"},"geometry":{"type":"Polygon","coordinates":[[[-94.421,38.07],[-94.412,38.077],[-94.429,38.092],[-94.452,38.089],[-94.421,38.07]]]}},{"type":"Feature","properties":{"layer":"public_land","name":"Henning (Ruth and Paul) CA"},"geometry":{"type":"Polygon","coordinates":[[[-93.298,36.662],[-93.275,36.665],[-93.277,36.68],[-93.314,36.68],[-93.298,36.662]]]}},{"type":"Feature","properties":{"layer":"public_land","name":"Davisdale CA"},"geometry":{"type":"Polygon","coordinates":[[[-92.619,39.035],[-92.646,39.032],[-92.638,39.01],[-92.649,39.002],[-92.615,38.992],[-92.617,39.02],[-92.606,39.02],[-92.619,39.035]]]}},{"type":"Feature","properties":{"layer":"public_land","name":"Locust Creek CA"},"geometry":{"type":"Polygon","coordinates":[[[-93.164,40.189],[-93.189,40.189],[-93.209,40.163],[-93.183,40.149],[-93.15,40.16],[-93.164,40.189]]]}},{"type":"Feature","properties":{"layer":"public_land","name":"Four Rivers CA (August A Busch Jr. Memorial Wetlands at)"},"geometry":{"type":"MultiPolygon","coordinates":[[[[-94.254,38.047],[-94.26,38.073],[-94.279,38.074],[-94.272,38.03],[-94.317,38.046],[-94.328,38.022],[-94.355,38.025],[-94.367,37.991],[-94.333,37.979],[-94.318,38.007],[-94.227,38.0],[-94.216,38.025],[-94.244,38.028],[-94.231,38.046],[-94.254,38.047]]],[[[-94.346,37.974],[-94.358,37.971],[-94.345,37.961],[-94.326,37.97],[-94.346,37.974]]]]}},{"type":"Feature","properties":{"layer":"public_land","name":"Seven Island CA"},"geometry":{"type":"Polygon","coordinates":[[[-89.313,36.631],[-89.303,36.61],[-89.254,36.587],[-89.313,36.631]]]}},{"type":"Feature","properties":{"layer":"public_land","name":"Ten Mile Pond CA"},"geometry":{"type":"Polygon","coordinates":[[[-89.328,36.739],[-89.349,36.732],[-89.34,36.703],[-89.31,36.703],[-89.31,36.724],[-89.292,36.716],[-89.301,36.747],[-89.328,36.739]]]}},{"type":"Feature","properties":{"layer":"public_land","name":"Lamine River CA"},"geometry":{"type":"Polygon","coordinates":[[[-92.968,38.745],[-93.0,38.733],[-93.024,38.742],[-93.025,38.729],[-92.978,38.731],[-92.992,38.718],[-92.974,38.682],[-92.951,38.682],[-92.956,38.661],[-92.936,38.65],[-92.929,38.667],[-92.946,38.686],[-92.928,38.691],[-92.967,38.706],[-92.968,38.745]]]}},{"type":"Feature","properties":{"layer":"public_land","name":"Wire Road CA"},"geometry":{"type":"Polygon","coordinates":[[[-93.593,36.937],[-93.607,36.93],[-93.577,36.908],[-93.593,36.937]]]}},{"type":"Feature","properties":{"layer":"public_land","name":"Amarugia Highlands CA"},"geometry":{"type":"Polygon","coordinates":[[[-94.425,38.554],[-94.444,38.543],[-94.436,38.522],[-94.425,38.554]]]}},{"type":"Feature","properties":{"layer":"public_land","name":"Crooked River CA"},"geometry":{"type":"Polygon","coordinates":[[[-94.03,39.384],[-94.031,39.402],[-94.066,39.413],[-94.068,39.395],[-94.03,39.384]]]}},{"type":"Feature","properties":{"layer":"public_land","name":"Three Creeks CA"},"geometry":{"type":"Polygon","coordinates":[[[-92.278,38.854],[-92.32,38.834],[-92.283,38.826],[-92.278,38.854]]]}},{"type":"Feature","properties":{"layer":"public_land","name":"Bunch Hollow CA"},"geometry":{"type":"Polygon","coordinates":[[[-93.612,39.569],[-93.613,39.584],[-93.599,39.58],[-93.608,39.569],[-93.557,39.579],[-93.557,39.601],[-93.608,39.598],[-93.604,39.587],[-93.627,39.597],[-93.627,39.572],[-93.612,39.569]]]}},{"type":"Feature","properties":{"layer":"public_land","name":"Mineral Hills CA"},"geometry":{"type":"Polygon","coordinates":[[[-92.965,40.428],[-92.978,40.443],[-92.997,40.433],[-92.936,40.4],[-92.944,40.425],[-92.965,40.428]]]}},{"type":"Feature","properties":{"layer":"public_land","name":"Flag Spring CA"},"geometry":{"type":"Polygon","coordinates":[[[-94.029,36.588],[-94.028,36.617],[-94.08,36.651],[-94.065,36.593],[-94.037,36.606],[-94.029,36.588]]]}},{"type":"Feature","properties":{"layer":"public_land","name":"Mussel Fork CA"},"geometry":{"type":"Polygon","coordinates":[[[-92.857,39.744],[-92.857,39.759],[-92.87,39.759],[-92.885,39.734],[-92.84,39.715],[-92.857,39.744]]]}},{"type":"Feature","properties":{"layer":"public_land","name":"Shannon Ranch CA"},"geometry":{"type":"Polygon","coordinates":[[[-92.3,36.937],[-92.286,36.951],[-92.34,36.948],[-92.3,36.937]]]}},{"type":"Feature","properties":{"layer":"public_land","name":"White Ranch CA"},"geometry":{"type":"MultiPolygon","coordinates":[[[[-91.86,36.578],[-91.873,36.578],[-91.873,36.541],[-91.85,36.527],[-91.855,36.513],[-91.814,36.527],[-91.828,36.574],[-91.855,36.564],[-91.86,36.578]]],[[[-91.781,36.534],[-91.795,36.523],[-91.753,36.522],[-91.781,36.534]]]]}},{"type":"Feature","properties":{"layer":"public_land","name":"Amidon Mem CA"},"geometry":{"type":"Polygon","coordinates":[[[-90.153,37.569],[-90.167,37.534],[-90.148,37.534],[-90.133,37.562],[-90.153,37.569]]]}},{"type":"Feature","properties":{"layer":"public_land","name":"King Lake CA"},"geometry":{"type":"Polygon","coordinates":[[[-94.422,40.014],[-94.431,40.046],[-94.452,40.042],[-94.453,40.023],[-94.422,40.014]]]}},{"type":"Feature","properties":{"layer":"public_land","name":"Donaldson Point CA"},"geometry":{"type":"MultiPolygon","coordinates":[[[[-89.47,36.584],[-89.483,36.575],[-89.455,36.523],[-89.423,36.5],[-89.411,36.555],[-89.451,36.555],[-89.47,36.584]]],[[[-89.47,36.584],[-89.456,36.588],[-89.479,36.591],[-89.47,36.584]]]]}},{"type":"Feature","properties":{"layer":"public_land","name":"Magnolia Hollow CA"},"geometry":{"type":"Polygon","coordinates":[[[-90.129,38.038],[-90.148,38.045],[-90.148,38.021],[-90.116,38.013],[-90.129,38.038]]]}},{"type":"Feature","properties":{"layer":"public_land","name":"Hidden Hollow CA"},"geometry":{"type":"Polygon","coordinates":[[[-92.655,39.995],[-92.656,39.982],[-92.629,39.992],[-92.642,40.01],[-92.655,39.995]]]}},{"type":"Feature","properties":{"layer":"public_land","name":"Leach (B K) Mem CA"},"geometry":{"type":"MultiPolygon","coordinates":[[[[-90.739,39.173],[-90.732,39.144],[-90.749,39.142],[-90.72,39.11],[-90.725,39.162],[-90.739,39.173]]],[[[-90.692,39.102],[-90.713,39.126],[-90.704,39.087],[-90.692,39.102]]],[[[-90.76,39.211],[-90.78,39.199],[-90.77,39.182],[-90.76,39.211]]]]}},{"type":"Feature","properties":{"layer":"public_land","name":"Settle's Ford CA"},"geometry":{"type":"MultiPolygon","coordinates":[[[[-94.16,38.475],[-94.199,38.469],[-94.177,38.451],[-94.182,38.434],[-94.112,38.437],[-94.093,38.454],[-94.096,38.47],[-94.13,38.462],[-94.128,38.474],[-94.16,38.475]]],[[[-94.187,38.42],[-94.21,38.428],[-94.21,38.417],[-94.187,38.42]]]]}},{"type":"Feature","properties":{"layer":"public_land","name":"Bois D'Arc CA"},"geometry":{"type":"Polygon","coordinates":[[[-93.484,37.293],[-93.531,37.309],[-93.536,37.266],[-93.522,37.261],[-93.517,37.279],[-93.504,37.265],[-93.498,37.286],[-93.48,37.279],[-93.484,37.293]]]}},{"type":"Feature","properties":{"layer":"public_land","name":"Young CA"},"geometry":{"type":"Polygon","coordinates":[[[-90.653,38.446],[-90.68,38.43],[-90.664,38.441],[-90.651,38.415],[-90.653,38.446]]]}},{"type":"Feature","properties":{"layer":"public_land","name":"Apple Creek CA"},"geometry":{"type":"Polygon","coordinates":[[[-89.564,37.556],[-89.595,37.547],[-89.562,37.53],[-89.559,37.553],[-89.534,37.57],[-89.554,37.577],[-89.564,37.556]]]}},{"type":"Feature","properties":{"layer":"public_land","name":"Baltimore Bend CA"},"geometry":{"type":"Polygon","coordinates":[[[-93.597,39.225],[-93.598,39.201],[-93.571,39.212],[-93.597,39.225]]]}},{"type":"Feature","properties":{"layer":"public_land","name":"Indian Hills CA"},"geometry":{"type":"Polygon","coordinates":[[[-92.288,40.31],[-92.217,40.322],[-92.217,40.333],[-92.274,40.353],[-92.269,40.329],[-92.279,40.343],[-92.307,40.329],[-92.288,40.31]]]}},{"type":"Feature","properties":{"layer":"public_land","name":"White (Robert M II) CA"},"geometry":{"type":"Polygon","coordinates":[[[-91.866,39.319],[-91.846,39.338],[-91.87,39.342],[-91.884,39.327],[-91.866,39.319]]]}},{"type":"Feature","properties":{"layer":"public_land","name":"Bilby Ranch Lake CA"},"geometry":{"type":"Polygon","coordinates":[[[-95.127,40.333],[-95.13,40.377],[-95.178,40.378],[-95.179,40.334],[-95.127,40.333]]]}},{"type":"Feature","properties":{"layer":"public_land","name":"Mudpuppy CA"},"geometry":{"type":"Polygon","coordinates":[[[-90.7,36.721],[-90.732,36.724],[-90.737,36.71],[-90.718,36.718],[-90.7,36.702],[-90.687,36.709],[-90.7,36.721]]]}},{"type":"Feature","properties":{"layer":"public_land","name":"Buffalo Wallow Prairie CA"},"geometry":{"type":"Polygon","coordinates":[[[-94.3,37.632],[-94.306,37.618],[-94.284,37.618],[-94.283,37.632],[-94.3,37.632]]]}},{"type":"Feature","properties":{"layer":"public_land","name":"Cuivre Island CA"},"geometry":{"type":"Polygon","coordinates":[[[-90.678,38.947],[-90.689,38.954],[-90.683,38.924],[-90.657,38.909],[-90.678,38.947]]]}},{"type":"Feature","properties":{"layer":"public_land","name":"Fuson (John Alva, MD) CA"},"geometry":{"type":"Polygon","coordinates":[[[-92.614,37.447],[-92.625,37.473],[-92.65,37.473],[-92.646,37.451],[-92.614,37.447]]]}},{"type":"Feature","properties":{"layer":"public_land","name":"University Forest CA"},"geometry":{"type":"MultiPolygon","coordinates":[[[[-90.371,36.93],[-90.407,36.933],[-90.407,36.897],[-90.353,36.883],[-90.342,36.897],[-90.353,36.905],[-90.389,36.904],[-90.371,36.93]]],[[[-90.366,36.963],[-90.393,36.959],[-90.398,36.941],[-90.379,36.948],[-90.353,36.934],[-90.366,36.963]]],[[[-90.332,36.925],[-90.371,36.911],[-90.332,36.913],[-90.332,36.925]]],[[[-90.324,36.905],[-90.341,36.909],[-90.342,36.897],[-90.324,36.905]]]]}},{"type":"Feature","properties":{"layer":"public_land","name":"White River Trace CA"},"geometry":{"type":"Polygon","coordinates":[[[-91.743,37.599],[-91.71,37.606],[-91.731,37.616],[-91.719,37.638],[-91.748,37.639],[-91.743,37.599]]]}},{"type":"Feature","properties":{"layer":"public_land","name":"Norfork Lake ML"},"geometry":{"type":"Polygon","coordinates":[[[-92.269,36.498],[-92.246,36.505],[-92.241,36.528],[-92.255,36.52],[-92.288,36.541],[-92.239,36.564],[-92.283,36.568],[-92.287,36.594],[-92.271,36.597],[-92.281,36.608],[-92.276,36.594],[-92.291,36.605],[-92.303,36.594],[-92.29,36.597],[-92.299,36.59],[-92.281,36.557],[-92.326,36.554],[-92.29,36.55],[-92.3,36.541],[-92.264,36.513],[-92.269,36.498]]]}},{"type":"Feature","properties":{"layer":"public_land","name":"Eagle Bluffs CA"},"geometry":{"type":"Polygon","coordinates":[[[-92.46,38.877],[-92.473,38.876],[-92.439,38.832],[-92.391,38.82],[-92.421,38.85],[-92.41,38.86],[-92.437,38.878],[-92.431,38.864],[-92.451,38.863],[-92.438,38.886],[-92.46,38.877]]]}},{"type":"Feature","properties":{"layer":"public_land","name":"Union Ridge CA"},"geometry":{"type":"Polygon","coordinates":[[[-92.847,40.354],[-92.889,40.353],[-92.889,40.331],[-92.865,40.317],[-92.922,40.313],[-92.928,40.291],[-92.894,40.302],[-92.883,40.286],[-92.856,40.301],[-92.842,40.289],[-92.86,40.271],[-92.837,40.273],[-92.824,40.296],[-92.85,40.302],[-92.831,40.324],[-92.854,40.339],[-92.847,40.354]]]}},{"type":"Feature","properties":{"layer":"public_land","name":"Shawnee Trail CA"},"geometry":{"type":"Polygon","coordinates":[[[-94.564,37.467],[-94.582,37.453],[-94.591,37.464],[-94.587,37.435],[-94.613,37.434],[-94.61,37.421],[-94.573,37.42],[-94.55,37.456],[-94.564,37.467]]]}},{"type":"Feature","properties":{"layer":"public_land","name":"Mule Shoe CA"},"geometry":{"type":"MultiPolygon","coordinates":[[[[-93.082,38.001],[-93.101,37.994],[-93.102,37.976],[-93.07,37.964],[-93.082,38.001]]],[[[-93.085,38.041],[-93.113,38.019],[-93.091,38.012],[-93.085,38.041]]]]}},{"type":"Feature","properties":{"layer":"public_land","name":"Pelican Island NA"},"geometry":{"type":"Polygon","coordinates":[[[-90.273,38.861],[-90.304,38.888],[-90.339,38.879],[-90.273,38.861]]]}},{"type":"Feature","properties":{"layer":"public_land","name":"Nodaway Valley CA"},"geometry":{"type":"Polygon","coordinates":[[[-95.032,40.121],[-95.074,40.101],[-95.077,40.077],[-95.046,40.065],[-95.032,40.079],[-95.043,40.095],[-95.02,40.101],[-95.032,40.121]]]}},{"type":"Feature","properties":{"layer":"public_land","name":"Maryville (Mozingo Lake)"},"geometry":{"type":"Polygon","coordinates":[[[-94.774,40.347],[-94.777,40.413],[-94.79,40.371],[-94.774,40.347]]]}},{"type":"Feature","properties":{"layer":"public_land","name":"Little River CA"},"geometry":{"type":"Polygon","coordinates":[[[-89.969,36.236],[-89.953,36.236],[-89.952,36.264],[-89.969,36.236]]]}},{"type":"Feature","properties":{"layer":"public_land","name":"Long Ridge CA"},"geometry":{"type":"Polygon","coordinates":[[[-91.183,38.27],[-91.167,38.272],[-91.15,38.315],[-91.183,38.311],[-91.183,38.27]]]}},{"type":"Feature","properties":{"layer":"public_land","name":"Sunklands CA"},"geometry":{"type":"MultiPolygon","coordinates":[[[[-91.607,37.291],[-91.575,37.251],[-91.557,37.261],[-91.557,37.246],[-91.515,37.24],[-91.507,37.26],[-91.489,37.26],[-91.503,37.282],[-91.471,37.263],[-91.448,37.263],[-91.448,37.281],[-91.425,37.277],[-91.423,37.259],[-91.416,37.27],[-91.42,37.313],[-91.434,37.321],[-91.502,37.311],[-91.493,37.333],[-91.52,37.348],[-91.57,37.327],[-91.592,37.335],[-91.592,37.364],[-91.656,37.368],[-91.675,37.321],[-91.629,37.306],[-91.638,37.342],[-91.62,37.347],[-91.607,37.317],[-91.629,37.299],[-91.602,37.302],[-91.607,37.291]]],[[[-91.428,37.372],[-91.418,37.331],[-91.399,37.368],[-91.428,37.372]]],[[[-91.478,37.354],[-91.456,37.343],[-91.465,37.361],[-91.478,37.354]]],[[[-91.46,37.339],[-91.469,37.321],[-91.444,37.321],[-91.46,37.339]]],[[[-91.51,37.348],[-91.492,37.34],[-91.492,37.354],[-91.51,37.348]]]]}},{"type":"Feature","properties":{"layer":"public_land","name":"Angeline CA"},"geometry":{"type":"MultiPolygon","coordinates":[[[[-91.421,37.22],[-91.434,37.202],[-91.453,37.214],[-91.456,37.245],[-91.476,37.249],[-91.498,37.221],[-91.525,37.229],[-91.499,37.192],[-91.536,37.182],[-91.535,37.215],[-91.594,37.195],[-91.561,37.242],[-91.593,37.236],[-91.598,37.28],[-91.639,37.263],[-91.621,37.255],[-91.634,37.23],[-91.616,37.241],[-91.597,37.187],[-91.554,37.171],[-91.564,37.128],[-91.531,37.171],[-91.522,37.156],[-91.499,37.163],[-91.5,37.127],[-91.464,37.133],[-91.468,37.152],[-91.431,37.162],[-91.435,37.184],[-91.408,37.165],[-91.417,37.177],[-91.399,37.177],[-91.398,37.191],[-91.425,37.195],[-91.412,37.209],[-91.421,37.22]],[[-91.49,37.2],[-91.499,37.215],[-91.471,37.207],[-91.49,37.2]],[[-91.484,37.225],[-91.461,37.236],[-91.461,37.221],[-91.484,37.225]]],[[[-91.421,37.22],[-91.402,37.234],[-91.407,37.22],[-91.389,37.217],[-91.398,37.191],[-91.353,37.184],[-91.357,37.162],[-91.336,37.169],[-91.358,37.191],[-91.335,37.198],[-91.325,37.234],[-91.425,37.244],[-91.421,37.22]]]]}},{"type":"Feature","properties":{"layer":"public_land","name":"Birch Creek CA"},"geometry":{"type":"Polygon","coordinates":[[[-91.529,36.956],[-91.566,36.949],[-91.538,36.945],[-91.539,36.916],[-91.495,36.897],[-91.493,36.959],[-91.52,36.959],[-91.511,36.945],[-91.529,36.956]]]}},{"type":"Feature","properties":{"layer":"public_land","name":"Current River CA"},"geometry":{"type":"Polygon","coordinates":[[[-90.978,37.226],[-91.015,37.202],[-91.038,37.198],[-91.038,37.219],[-91.07,37.207],[-91.07,37.192],[-91.088,37.203],[-91.089,37.174],[-91.113,37.17],[-91.108,37.149],[-91.126,37.16],[-91.112,37.192],[-91.161,37.194],[-91.135,37.181],[-91.162,37.172],[-91.167,37.15],[-91.12,37.15],[-91.123,37.117],[-91.054,37.127],[-91.063,37.086],[-91.018,37.088],[-90.99,37.127],[-91.053,37.144],[-91.016,37.151],[-91.025,37.164],[-91.007,37.178],[-91.003,37.161],[-90.979,37.16],[-90.978,37.226]]]}},{"type":"Feature","properties":{"layer":"public_land","name":"Smoky Waters CA"},"geometry":{"type":"Polygon","coordinates":[[[-91.987,38.584],[-92.038,38.56],[-91.993,38.564],[-91.987,38.584]]]}},{"type":"Feature","properties":{"layer":"public_land","name":"Plowboy Bend CA"},"geometry":{"type":"Polygon","coordinates":[[[-92.41,38.768],[-92.383,38.809],[-92.432,38.823],[-92.41,38.768]]]}},{"type":"Feature","properties":{"layer":"public_land","name":"Frost Island CA"},"geometry":{"type":"Polygon","coordinates":[[[-91.536,40.436],[-91.526,40.457],[-91.562,40.452],[-91.536,40.436]]]}},{"type":"Feature","properties":{"layer":"public_land","name":"Deroin Bend CA"},"geometry":{"type":"Polygon","coordinates":[[[-95.546,40.283],[-95.552,40.262],[-95.503,40.25],[-95.546,40.283]]]}},{"type":"Feature","properties":{"layer":"public_land","name":"Marion Bottoms CA"},"geometry":{"type":"Polygon","coordinates":[[[-92.384,38.712],[-92.364,38.691],[-92.345,38.709],[-92.402,38.739],[-92.384,38.712]]]}},{"type":"Feature","properties":{"layer":"public_land","name":"Gist Ranch CA"},"geometry":{"type":"Polygon","coordinates":[[[-91.752,37.233],[-91.835,37.2],[-91.835,37.181],[-91.812,37.177],[-91.808,37.141],[-91.78,37.137],[-91.763,37.168],[-91.749,37.166],[-91.762,37.181],[-91.752,37.233]]]}},{"type":"Feature","properties":{"layer":"public_land","name":"Columbia Bottom CA"},"geometry":{"type":"Polygon","coordinates":[[[-90.123,38.813],[-90.163,38.825],[-90.186,38.81],[-90.161,38.796],[-90.183,38.79],[-90.148,38.786],[-90.123,38.813]]]}},{"type":"Feature","properties":{"layer":"public_land","name":"Linscomb WA"},"geometry":{"type":"Polygon","coordinates":[[[-93.919,37.976],[-93.897,37.961],[-93.881,38.001],[-93.923,37.998],[-93.919,37.976]]]}},{"type":"Feature","properties":{"layer":"public_land","name":"Pilot Knob CA"},"geometry":{"type":"Polygon","coordinates":[[[-93.565,36.551],[-93.575,36.53],[-93.538,36.533],[-93.542,36.551],[-93.565,36.551]]]}},{"type":"Feature","properties":{"layer":"public_land","name":"Lower Hamburg Bend CA"},"geometry":{"type":"Polygon","coordinates":[[[-95.763,40.548],[-95.763,40.53],[-95.726,40.529],[-95.755,40.539],[-95.745,40.585],[-95.772,40.577],[-95.763,40.548]]]}},{"type":"Feature","properties":{"layer":"public_land","name":"Nishnabotna CA"},"geometry":{"type":"Polygon","coordinates":[[[-95.679,40.492],[-95.699,40.505],[-95.693,40.472],[-95.656,40.44],[-95.66,40.419],[-95.644,40.419],[-95.651,40.465],[-95.69,40.478],[-95.679,40.492]]]}},{"type":"Feature","properties":{"layer":"public_land","name":"Truman Reservoir ML (Bethlehem)"},"geometry":{"type":"Polygon","coordinates":[[[-93.708,38.309],[-93.689,38.31],[-93.689,38.323],[-93.725,38.331],[-93.725,38.351],[-93.746,38.359],[-93.757,38.329],[-93.745,38.344],[-93.725,38.309],[-93.717,38.324],[-93.708,38.309]]]}},{"type":"Feature","properties":{"layer":"public_land","name":"Truman Reservoir ML (Brownington)"},"geometry":{"type":"Polygon","coordinates":[[[-93.753,38.228],[-93.725,38.248],[-93.757,38.247],[-93.771,38.221],[-93.753,38.228]]]}},{"type":"Feature","properties":{"layer":"public_land","name":"Truman Reservoir ML (Brush Creek)"},"geometry":{"type":"Polygon","coordinates":[[[-93.522,38.352],[-93.513,38.339],[-93.49,38.352],[-93.503,38.346],[-93.491,38.331],[-93.501,38.322],[-93.475,38.331],[-93.47,38.315],[-93.458,38.326],[-93.463,38.315],[-93.448,38.316],[-93.447,38.329],[-93.472,38.321],[-93.474,38.336],[-93.493,38.324],[-93.499,38.344],[-93.468,38.362],[-93.507,38.36],[-93.513,38.345],[-93.503,38.388],[-93.526,38.369],[-93.543,38.375],[-93.522,38.352]]]}},{"type":"Feature","properties":{"layer":"public_land","name":"Truman Reservoir ML (Cross Timbers)"},"geometry":{"type":"Polygon","coordinates":[[[-93.316,37.986],[-93.344,37.981],[-93.345,37.967],[-93.311,37.945],[-93.337,37.975],[-93.297,37.987],[-93.321,38.003],[-93.286,38.019],[-93.289,38.037],[-93.337,38.032],[-93.298,38.034],[-93.295,38.022],[-93.312,38.018],[-93.295,38.027],[-93.346,38.032],[-93.319,38.018],[-93.352,37.994],[-93.306,37.996],[-93.316,37.986]]]}},{"type":"Feature","properties":{"layer":"public_land","name":"Truman Reservoir ML (Deepwater Creek)"},"geometry":{"type":"Polygon","coordinates":[[[-93.825,38.303],[-93.842,38.296],[-93.824,38.281],[-93.839,38.252],[-93.765,38.271],[-93.781,38.281],[-93.759,38.297],[-93.825,38.303]]]}},{"type":"Feature","properties":{"layer":"public_land","name":"Truman Reservoir ML (Gallinipper Creek)"},"geometry":{"type":"Polygon","coordinates":[[[-93.722,38.044],[-93.707,38.051],[-93.721,38.071],[-93.709,38.059],[-93.704,38.069],[-93.744,38.099],[-93.715,38.061],[-93.722,38.044]]]}},{"type":"Feature","properties":{"layer":"public_land","name":"Truman Reservoir ML (Grand River Bottoms)"},"geometry":{"type":"Polygon","coordinates":[[[-93.847,38.383],[-93.865,38.374],[-93.848,38.365],[-93.863,38.333],[-93.846,38.329],[-93.85,38.318],[-93.818,38.324],[-93.777,38.309],[-93.781,38.332],[-93.804,38.327],[-93.782,38.353],[-93.847,38.383]]]}},{"type":"Feature","properties":{"layer":"public_land","name":"Truman Reservoir ML (Leesville)"},"geometry":{"type":"Polygon","coordinates":[[[-93.503,38.312],[-93.475,38.307],[-93.527,38.322],[-93.514,38.328],[-93.532,38.351],[-93.536,38.335],[-93.521,38.331],[-93.534,38.316],[-93.503,38.312]]]}},{"type":"Feature","properties":{"layer":"public_land","name":"Truman Reservoir ML (Little Pomme de Terre)"},"geometry":{"type":"Polygon","coordinates":[[[-93.427,38.112],[-93.433,38.143],[-93.436,38.1],[-93.415,38.071],[-93.407,38.094],[-93.422,38.111],[-93.403,38.128],[-93.427,38.112]]]}},{"type":"Feature","properties":{"layer":"public_land","name":"Truman Reservoir ML (Little Tebo Creek)"},"geometry":{"type":"Polygon","coordinates":[[[-93.4,38.353],[-93.435,38.325],[-93.415,38.305],[-93.43,38.317],[-93.407,38.332],[-93.423,38.316],[-93.402,38.301],[-93.395,38.316],[-93.414,38.318],[-93.4,38.353]]]}},{"type":"Feature","properties":{"layer":"public_land","name":"Truman Reservoir ML (Sac-Osage)"},"geometry":{"type":"MultiPolygon","coordinates":[[[[-93.766,38.024],[-93.75,38.007],[-93.766,37.975],[-93.742,37.963],[-93.743,37.983],[-93.718,37.988],[-93.754,38.0],[-93.719,38.016],[-93.766,38.024]]],[[[-93.766,38.028],[-93.72,38.017],[-93.727,38.046],[-93.751,38.047],[-93.737,38.024],[-93.766,38.028]]],[[[-93.74,37.97],[-93.722,37.963],[-93.735,37.976],[-93.719,37.973],[-93.715,37.994],[-93.73,37.997],[-93.717,37.986],[-93.742,37.983],[-93.74,37.97]]],[[[-93.75,37.995],[-93.713,38.006],[-93.74,38.009],[-93.75,37.995]]]]}},{"type":"Feature","properties":{"layer":"public_land","name":"Truman Reservoir ML (Salt Creek)"},"geometry":{"type":"MultiPolygon","coordinates":[[[[-93.814,37.987],[-93.766,38.025],[-93.784,38.052],[-93.799,38.05],[-93.784,38.018],[-93.826,38.0],[-93.814,37.987]]],[[[-93.815,37.988],[-93.827,37.996],[-93.833,37.966],[-93.815,37.988]]]]}},{"type":"Feature","properties":{"layer":"public_land","name":"Truman Reservoir ML (Upper Tebo Creek)"},"geometry":{"type":"Polygon","coordinates":[[[-93.562,38.364],[-93.551,38.375],[-93.576,38.383],[-93.551,38.404],[-93.603,38.385],[-93.606,38.42],[-93.62,38.424],[-93.605,38.442],[-93.618,38.45],[-93.637,38.436],[-93.647,38.414],[-93.629,38.403],[-93.648,38.392],[-93.603,38.371],[-93.609,38.355],[-93.569,38.367],[-93.577,38.35],[-93.559,38.339],[-93.562,38.364]]]}},{"type":"Feature","properties":{"layer":"public_land","name":"Truman Reservoir ML (Valhalla)"},"geometry":{"type":"Polygon","coordinates":[[[-93.582,38.174],[-93.595,38.163],[-93.59,38.141],[-93.572,38.162],[-93.539,38.147],[-93.542,38.176],[-93.543,38.152],[-93.573,38.165],[-93.589,38.149],[-93.582,38.174]]]}},{"type":"Feature","properties":{"layer":"public_land","name":"Truman Reservoir ML (Weaubleau Creek)"},"geometry":{"type":"Polygon","coordinates":[[[-93.638,38.019],[-93.606,38.032],[-93.621,38.083],[-93.583,38.05],[-93.584,38.081],[-93.568,38.078],[-93.585,38.084],[-93.595,38.067],[-93.593,38.083],[-93.618,38.092],[-93.608,38.046],[-93.617,38.036],[-93.627,38.059],[-93.638,38.019]]]}},{"type":"Feature","properties":{"layer":"public_land","name":"Corning CA"},"geometry":{"type":"MultiPolygon","coordinates":[[[[-95.496,40.268],[-95.525,40.261],[-95.47,40.249],[-95.496,40.268]]],[[[-95.457,40.243],[-95.482,40.247],[-95.47,40.235],[-95.457,40.243]]]]}},{"type":"Feature","properties":{"layer":"public_land","name":"Black Island CA (Stephen C Bradford Unit)"},"geometry":{"type":"Polygon","coordinates":[[[-89.608,36.301],[-89.623,36.323],[-89.661,36.302],[-89.678,36.309],[-89.702,36.263],[-89.669,36.269],[-89.685,36.28],[-89.679,36.295],[-89.585,36.28],[-89.608,36.301]]]}},{"type":"Feature","properties":{"layer":"public_land","name":"LaBarque Creek CA"},"geometry":{"type":"Polygon","coordinates":[[[-90.704,38.419],[-90.715,38.405],[-90.675,38.397],[-90.674,38.412],[-90.704,38.419]]]}},{"type":"Feature","properties":{"layer":"public_land","name":"Pomme De Terre Lake ML"},"geometry":{"type":"MultiPolygon","coordinates":[[[[-93.356,37.804],[-93.351,37.795],[-93.373,37.797],[-93.36,37.782],[-93.376,37.798],[-93.392,37.791],[-93.374,37.77],[-93.406,37.78],[-93.423,37.747],[-93.409,37.782],[-93.374,37.772],[-93.413,37.783],[-93.417,37.755],[-93.439,37.748],[-93.424,37.743],[-93.42,37.717],[-93.406,37.777],[-93.383,37.761],[-93.374,37.789],[-93.344,37.771],[-93.353,37.786],[-93.34,37.801],[-93.356,37.804]],[[-93.36,37.798],[-93.357,37.787],[-93.371,37.796],[-93.36,37.798]]],[[[-93.261,37.825],[-93.274,37.817],[-93.259,37.814],[-93.276,37.819],[-93.261,37.813],[-93.268,37.78],[-93.252,37.788],[-93.265,37.805],[-93.24,37.806],[-93.261,37.825]]],[[[-93.293,37.877],[-93.318,37.87],[-93.282,37.862],[-93.293,37.877]]],[[[-93.382,37.867],[-93.393,37.868],[-93.384,37.856],[-93.362,37.863],[-93.382,37.867]]]]}},{"type":"Feature","properties":{"layer":"public_land","name":"McGee Family CA"},"geometry":{"type":"Polygon","coordinates":[[[-94.434,39.556],[-94.434,39.537],[-94.409,39.528],[-94.434,39.556]]]}},{"type":"Feature","properties":{"layer":"public_land","name":"Church Farm C.A."},"geometry":{"type":"Polygon","coordinates":[[[-92.271,38.645],[-92.297,38.665],[-92.322,38.662],[-92.271,38.645]]]}},{"type":"Feature","properties":{"layer":"public_land","name":"Danville CA"},"geometry":{"type":"Polygon","coordinates":[[[-91.534,38.874],[-91.54,38.893],[-91.543,38.862],[-91.524,38.864],[-91.553,38.855],[-91.514,38.848],[-91.495,38.862],[-91.501,38.881],[-91.534,38.874]]]}},{"type":"Feature","properties":{"layer":"public_land","name":"Clearwater CA"},"geometry":{"type":"MultiPolygon","coordinates":[[[[-90.82,37.138],[-90.838,37.102],[-90.852,37.102],[-90.85,37.08],[-90.779,37.094],[-90.786,37.108],[-90.825,37.094],[-90.797,37.112],[-90.797,37.138],[-90.82,37.138]]],[[[-90.898,37.118],[-90.871,37.12],[-90.889,37.124],[-90.889,37.139],[-90.916,37.136],[-90.907,37.125],[-90.921,37.123],[-90.898,37.118]]],[[[-90.875,37.11],[-90.89,37.081],[-90.857,37.084],[-90.876,37.088],[-90.875,37.11]]],[[[-90.889,37.168],[-90.889,37.15],[-90.856,37.143],[-90.874,37.154],[-90.856,37.16],[-90.889,37.168]]],[[[-90.912,37.114],[-90.927,37.096],[-90.889,37.108],[-90.912,37.114]]],[[[-90.852,37.131],[-90.866,37.124],[-90.847,37.113],[-90.838,37.13],[-90.852,37.131]]]]}},{"type":"Feature","properties":{"layer":"public_land","name":"Riverside CA"},"geometry":{"type":"MultiPolygon","coordinates":[[[[-90.713,37.242],[-90.699,37.272],[-90.727,37.253],[-90.713,37.242]]],[[[-90.736,37.256],[-90.731,37.271],[-90.749,37.27],[-90.759,37.248],[-90.736,37.256]]]]}},{"type":"Feature","properties":{"layer":"public_land","name":"Lamberson Memorial Conservation Area"},"geometry":{"type":"Polygon","coordinates":[[[-92.236,37.313],[-92.225,37.346],[-92.252,37.35],[-92.236,37.313]]]}},{"type":"Feature","properties":{"layer":"public_land","name":"Hickory Canyons NA"},"geometry":{"type":"Polygon","coordinates":[[[-90.3,37.878],[-90.312,37.868],[-90.291,37.871],[-90.3,37.878]]]}},{"type":"Feature","properties":{"layer":"public_land","name":"Fort Crowder Conservation Area"},"geometry":{"type":"Polygon","coordinates":[[[-94.312,36.828],[-94.324,36.807],[-94.29,36.799],[-94.288,36.828],[-94.312,36.828]]]}},{"type":"Feature","properties":{"layer":"public_land","name":"Mark Twain National Forest"},"geometry":{"type":"MultiPolygon","coordinates":[[[[-91.401,37.524],[-91.407,37.466],[-91.427,37.47],[-91.417,37.459],[-91.427,37.418],[-91.418,37.433],[-91.39,37.429],[-91.403,37.444],[-91.389,37.441],[-91.37,37.469],[-91.352,37.454],[-91.38,37.447],[-91.389,37.419],[-91.321,37.417],[-91.325,37.437],[-91.31,37.441],[-91.304,37.424],[-91.28,37.424],[-91.317,37.388],[-91.319,37.33],[-91.304,37.33],[-91.304,37.341],[-91.277,37.335],[-91.263,37.372],[-91.203,37.378],[-91.194,37.422],[-91.194,37.371],[-91.268,37.358],[-91.277,37.329],[-91.222,37.335],[-91.227,37.35],[-91.213,37.349],[-91.22,37.328],[-91.176,37.327],[-91.189,37.36],[-91.176,37.356],[-91.176,37.415],[-91.158,37.425],[-91.121,37.435],[-91.096,37.414],[-91.056,37.417],[-91.037,37.444],[-91.047,37.418],[-91.024,37.434],[-91.024,37.419],[-90.978,37.419],[-90.983,37.448],[-91.005,37.45],[-91.006,37.478],[-90.991,37.479],[-90.991,37.462],[-90.938,37.461],[-90.936,37.515],[-90.953,37.512],[-90.944,37.525],[-91.017,37.521],[-91.002,37.541],[-91.02,37.563],[-91.07,37.533],[-91.083,37.548],[-91.056,37.545],[-91.06,37.562],[-91.119,37.562],[-91.137,37.58],[-91.132,37.607],[-91.079,37.59],[-91.028,37.601],[-91.04,37.639],[-91.053,37.637],[-91.048,37.652],[-91.031,37.633],[-91.013,37.636],[-91.03,37.655],[-90.993,37.681],[-90.985,37.665],[-90.999,37.638],[-90.971,37.633],[-90.963,37.662],[-90.964,37.618],[-90.942,37.603],[-90.924,37.603],[-90.915,37.625],[-90.91,37.603],[-90.836,37.602],[-90.841,37.617],[-90.798,37.646],[-90.789,37.628],[-90.832,37.602],[-90.781,37.609],[-90.78,37.635],[-90.766,37.621],[-90.764,37.674],[-90.779,37.665],[-90.783,37.683],[-90.807,37.676],[-90.793,37.661],[-90.812,37.661],[-90.835,37.669],[-90.826,37.683],[-90.868,37.687],[-90.872,37.669],[-90.9,37.664],[-90.901,37.633],[-90.919,37.636],[-90.89,37.702],[-90.849,37.698],[-90.821,37.72],[-90.822,37.735],[-90.835,37.734],[-90.835,37.716],[-90.858,37.712],[-90.868,37.734],[-90.924,37.744],[-90.918,37.766],[-90.941,37.771],[-90.931,37.781],[-90.98,37.801],[-90.959,37.808],[-90.972,37.823],[-90.918,37.836],[-90.923,37.859],[-90.904,37.832],[-90.927,37.83],[-90.928,37.8],[-90.91,37.799],[-90.914,37.822],[-90.871,37.822],[-90.887,37.909],[-90.915,37.902],[-90.915,37.884],[-90.942,37.914],[-90.929,37.873],[-90.968,37.877],[-90.964,37.867],[-91.027,37.907],[-91.076,37.908],[-91.058,37.931],[-91.054,37.92],[-91.026,37.932],[-91.04,37.917],[-91.022,37.918],[-90.995,37.934],[-91.0,37.923],[-90.973,37.932],[-90.951,37.915],[-90.933,37.932],[-90.94,37.95],[-90.958,37.95],[-90.931,37.971],[-90.945,38.0],[-90.922,38.011],[-91.003,38.008],[-90.994,37.995],[-91.008,37.993],[-91.017,38.007],[-91.04,37.987],[-91.049,38.005],[-91.109,38.001],[-91.108,37.987],[-91.15,38.002],[-91.132,37.995],[-91.137,37.98],[-91.16,37.988],[-91.138,37.955],[-91.062,37.96],[-91.095,37.936],[-91.077,37.923],[-91.087,37.898],[-91.041,37.895],[-91.069,37.875],[-91.074,37.886],[-91.096,37.878],[-91.096,37.9],[-91.11,37.893],[-91.099,37.914],[-91.114,37.915],[-91.115,37.897],[-91.142,37.886],[-91.115,37.875],[-91.143,37.864],[-91.102,37.853],[-91.134,37.85],[-91.089,37.827],[-91.066,37.828],[-91.07,37.842],[-91.052,37.85],[-91.044,37.802],[-91.059,37.793],[-90.971,37.786],[-90.995,37.769],[-90.981,37.771],[-90.982,37.754],[-90.964,37.761],[-90.956,37.742],[-91.0,37.746],[-91.009,37.768],[-91.032,37.774],[-91.055,37.761],[-91.055,37.74],[-91.037,37.739],[-91.038,37.714],[-91.001,37.706],[-91.038,37.707],[-91.021,37.686],[-91.043,37.675],[-91.038,37.696],[-91.066,37.696],[-91.051,37.725],[-91.083,37.736],[-91.092,37.718],[-91.075,37.696],[-91.093,37.711],[-91.121,37.679],[-91.173,37.756],[-91.183,37.731],[-91.16,37.723],[-91.174,37.712],[-91.156,37.712],[-91.141,37.679],[-91.099,37.668],[-91.109,37.657],[-91.085,37.655],[-91.085,37.64],[-91.118,37.628],[-91.1,37.617],[-91.128,37.617],[-91.152,37.64],[-91.141,37.676],[-91.192,37.705],[-91.186,37.647],[-91.155,37.647],[-91.172,37.642],[-91.173,37.607],[-91.136,37.617],[-91.178,37.578],[-91.201,37.585],[-91.178,37.596],[-91.232,37.593],[-91.209,37.618],[-91.25,37.623],[-91.195,37.654],[-91.207,37.688],[-91.254,37.642],[-91.284,37.651],[-91.245,37.663],[-91.262,37.675],[-91.206,37.691],[-91.215,37.705],[-91.257,37.699],[-91.219,37.717],[-91.219,37.742],[-91.237,37.75],[-91.219,37.749],[-91.219,37.775],[-91.182,37.763],[-91.182,37.785],[-91.237,37.772],[-91.274,37.787],[-91.274,37.761],[-91.256,37.746],[-91.309,37.751],[-91.283,37.714],[-91.29,37.7],[-91.31,37.711],[-91.299,37.688],[-91.285,37.691],[-91.303,37.684],[-91.304,37.662],[-91.29,37.665],[-91.286,37.64],[-91.309,37.651],[-91.32,37.64],[-91.291,37.618],[-91.286,37.632],[-91.259,37.633],[-91.254,37.584],[-91.273,37.584],[-91.273,37.614],[-91.282,37.599],[-91.31,37.604],[-91.326,37.596],[-91.317,37.578],[-91.359,37.564],[-91.355,37.546],[-91.378,37.55],[-91.364,37.52],[-91.346,37.52],[-91.374,37.505],[-91.388,37.513],[-91.387,37.538],[-91.401,37.524]],[[-91.117,37.443],[-91.149,37.45],[-91.125,37.457],[-91.107,37.511],[-91.103,37.495],[-91.07,37.506],[-91.031,37.49],[-91.099,37.488],[-91.091,37.444],[-91.034,37.458],[-91.052,37.439],[-91.092,37.437],[-91.094,37.422],[-91.096,37.441],[-91.117,37.443]],[[-91.149,37.447],[-91.149,37.436],[-91.187,37.444],[-91.172,37.422],[-91.22,37.444],[-91.22,37.482],[-91.207,37.476],[-91.198,37.502],[-91.238,37.517],[-91.279,37.511],[-91.288,37.533],[-91.302,37.519],[-91.301,37.538],[-91.247,37.532],[-91.296,37.574],[-91.255,37.573],[-91.264,37.562],[-91.232,37.572],[-91.228,37.561],[-91.25,37.564],[-91.251,37.547],[-91.232,37.554],[-91.242,37.547],[-91.219,37.539],[-91.219,37.524],[-91.202,37.524],[-91.197,37.549],[-91.193,37.524],[-91.156,37.509],[-91.143,37.523],[-91.165,37.549],[-91.165,37.574],[-91.147,37.537],[-91.142,37.552],[-91.107,37.544],[-91.138,37.525],[-91.13,37.497],[-91.194,37.491],[-91.196,37.48],[-91.125,37.489],[-91.194,37.473],[-91.176,37.454],[-91.203,37.466],[-91.198,37.444],[-91.149,37.447]]],[[[-91.434,36.818],[-91.402,36.821],[-91.406,36.843],[-91.388,36.843],[-91.388,36.815],[-91.414,36.785],[-91.357,36.789],[-91.332,36.74],[-91.305,36.732],[-91.299,36.743],[-91.3,36.721],[-91.269,36.717],[-91.278,36.695],[-91.225,36.72],[-91.207,36.659],[-91.198,36.687],[-91.126,36.687],[-91.139,36.738],[-91.121,36.738],[-91.125,36.752],[-91.082,36.753],[-91.11,36.724],[-91.082,36.731],[-91.074,36.704],[-91.097,36.705],[-91.105,36.683],[-91.022,36.65],[-91.123,36.669],[-91.124,36.599],[-91.079,36.599],[-91.098,36.606],[-91.093,36.621],[-91.051,36.602],[-90.994,36.663],[-90.957,36.662],[-90.959,36.64],[-90.944,36.651],[-90.916,36.639],[-90.929,36.661],[-90.858,36.639],[-90.858,36.653],[-90.893,36.668],[-90.875,36.697],[-90.914,36.705],[-90.927,36.735],[-90.937,36.725],[-90.927,36.746],[-90.941,36.746],[-90.943,36.786],[-90.957,36.796],[-90.956,36.844],[-90.933,36.837],[-90.933,36.855],[-90.996,36.86],[-90.978,36.865],[-91.007,36.87],[-91.015,36.899],[-91.034,36.879],[-91.038,36.896],[-91.056,36.896],[-91.015,36.907],[-91.013,36.976],[-91.073,36.954],[-91.074,36.938],[-91.096,36.937],[-91.114,36.907],[-91.123,36.914],[-91.1,36.948],[-91.131,36.948],[-91.132,36.918],[-91.154,36.919],[-91.154,36.941],[-91.186,36.916],[-91.178,36.937],[-91.195,36.934],[-91.186,36.901],[-91.205,36.901],[-91.204,36.923],[-91.236,36.913],[-91.24,36.932],[-91.258,36.928],[-91.258,36.943],[-91.239,36.943],[-91.231,36.924],[-91.204,36.927],[-91.208,36.945],[-91.181,36.949],[-91.221,36.965],[-91.181,36.951],[-91.211,36.978],[-91.247,36.986],[-91.275,36.961],[-91.306,36.984],[-91.307,36.966],[-91.337,36.964],[-91.341,36.988],[-91.35,36.973],[-91.377,36.995],[-91.377,36.973],[-91.391,36.988],[-91.418,36.977],[-91.427,36.988],[-91.414,36.966],[-91.439,36.958],[-91.44,36.944],[-91.405,36.926],[-91.392,36.937],[-91.415,36.886],[-91.432,36.886],[-91.428,36.922],[-91.454,36.94],[-91.485,36.93],[-91.475,36.959],[-91.493,36.959],[-91.496,36.819],[-91.443,36.785],[-91.434,36.818]],[[-91.392,36.937],[-91.373,36.969],[-91.36,36.944],[-91.379,36.901],[-91.392,36.937]],[[-91.278,36.878],[-91.278,36.893],[-91.228,36.88],[-91.284,36.867],[-91.278,36.878]],[[-91.192,36.869],[-91.137,36.877],[-91.17,36.854],[-91.192,36.869]],[[-91.028,36.738],[-90.995,36.737],[-90.982,36.71],[-91.004,36.715],[-90.995,36.729],[-91.024,36.724],[-91.015,36.733],[-91.028,36.738]],[[-91.288,36.856],[-91.27,36.823],[-91.28,36.809],[-91.257,36.812],[-91.271,36.787],[-91.289,36.805],[-91.284,36.831],[-91.315,36.838],[-91.288,36.856]],[[-91.323,36.886],[-91.326,36.87],[-91.345,36.866],[-91.329,36.835],[-91.345,36.851],[-91.344,36.869],[-91.325,36.872],[-91.326,36.944],[-91.341,36.959],[-91.326,36.962],[-91.332,36.948],[-91.321,36.948],[-91.321,36.959],[-91.28,36.965],[-91.28,36.943],[-91.321,36.944],[-91.304,36.921],[-91.332,36.915],[-91.323,36.886]],[[-91.175,36.821],[-91.152,36.824],[-91.153,36.803],[-91.189,36.803],[-91.187,36.775],[-91.231,36.779],[-91.235,36.797],[-91.198,36.793],[-91.203,36.811],[-91.18,36.807],[-91.175,36.821]],[[-91.061,36.845],[-91.043,36.848],[-91.052,36.863],[-91.038,36.878],[-91.016,36.869],[-90.98,36.79],[-91.061,36.845]]],[[[-92.161,37.053],[-92.144,37.028],[-92.179,37.047],[-92.18,37.029],[-92.144,37.002],[-92.16,36.927],[-92.178,36.923],[-92.182,36.941],[-92.183,36.919],[-92.228,36.921],[-92.201,36.913],[-92.203,36.832],[-92.185,36.832],[-92.184,36.881],[-92.156,36.905],[-92.147,36.897],[-92.166,36.872],[-92.103,36.86],[-92.122,36.831],[-92.077,36.819],[-92.099,36.82],[-92.105,36.805],[-92.131,36.817],[-92.141,36.802],[-92.123,36.795],[-92.181,36.79],[-92.187,36.754],[-92.209,36.761],[-92.196,36.724],[-92.21,36.728],[-92.215,36.713],[-92.197,36.706],[-92.187,36.742],[-92.169,36.742],[-92.179,36.706],[-92.115,36.719],[-92.124,36.734],[-92.105,36.719],[-92.123,36.745],[-92.113,36.77],[-92.095,36.762],[-92.095,36.781],[-92.072,36.776],[-92.086,36.773],[-92.077,36.747],[-92.037,36.754],[-92.022,36.79],[-92.077,36.816],[-92.05,36.822],[-92.019,36.804],[-92.013,36.822],[-92.036,36.833],[-92.004,36.829],[-91.98,36.846],[-91.995,36.836],[-91.986,36.825],[-91.931,36.853],[-91.939,36.874],[-91.958,36.846],[-91.971,36.85],[-91.957,36.86],[-91.995,36.851],[-92.003,36.873],[-92.031,36.847],[-92.044,36.855],[-92.058,36.841],[-92.062,36.852],[-92.044,36.866],[-92.051,36.885],[-92.012,36.88],[-92.011,36.909],[-91.984,36.916],[-92.015,36.935],[-92.019,36.975],[-92.046,36.979],[-92.042,36.946],[-92.056,36.939],[-92.079,36.947],[-92.064,36.958],[-92.087,36.972],[-92.069,36.976],[-92.082,36.99],[-92.064,36.994],[-92.09,37.005],[-92.041,37.001],[-92.009,37.033],[-92.015,37.053],[-91.995,37.041],[-91.981,37.056],[-92.054,37.056],[-92.063,37.019],[-92.09,37.012],[-92.117,37.013],[-92.112,37.024],[-92.139,37.046],[-92.129,37.057],[-92.161,37.053]]],[[[-90.777,36.986],[-90.75,36.975],[-90.759,36.952],[-90.713,36.942],[-90.715,36.927],[-90.701,36.942],[-90.715,36.913],[-90.633,36.926],[-90.625,36.908],[-90.652,36.89],[-90.621,36.871],[-90.639,36.861],[-90.662,36.867],[-90.661,36.883],[-90.677,36.876],[-90.665,36.894],[-90.725,36.909],[-90.738,36.895],[-90.708,36.891],[-90.734,36.888],[-90.726,36.862],[-90.703,36.869],[-90.707,36.88],[-90.679,36.869],[-90.685,36.855],[-90.608,36.861],[-90.591,36.843],[-90.64,36.846],[-90.614,36.839],[-90.618,36.828],[-90.591,36.839],[-90.573,36.825],[-90.582,36.846],[-90.568,36.847],[-90.537,36.811],[-90.554,36.851],[-90.586,36.857],[-90.603,36.89],[-90.625,36.879],[-90.625,36.897],[-90.611,36.908],[-90.571,36.897],[-90.573,36.861],[-90.532,36.855],[-90.509,36.869],[-90.508,36.898],[-90.522,36.894],[-90.513,36.912],[-90.531,36.905],[-90.526,36.92],[-90.553,36.927],[-90.553,36.948],[-90.596,36.949],[-90.596,36.963],[-90.631,36.949],[-90.636,36.963],[-90.678,36.956],[-90.677,36.975],[-90.599,36.972],[-90.604,36.992],[-90.568,36.985],[-90.581,37.003],[-90.561,36.991],[-90.567,37.006],[-90.538,36.991],[-90.547,36.979],[-90.516,36.977],[-90.517,36.93],[-90.494,36.948],[-90.499,36.919],[-90.481,36.938],[-90.443,36.926],[-90.463,36.916],[-90.464,36.899],[-90.425,36.903],[-90.439,36.897],[-90.427,36.854],[-90.403,36.872],[-90.403,36.886],[-90.417,36.886],[-90.412,36.912],[-90.434,36.915],[-90.398,36.941],[-90.388,36.977],[-90.402,36.956],[-90.452,36.956],[-90.428,36.974],[-90.451,36.97],[-90.451,36.981],[-90.48,36.966],[-90.47,36.988],[-90.511,36.984],[-90.501,37.006],[-90.533,36.999],[-90.537,37.031],[-90.567,37.028],[-90.553,37.035],[-90.566,37.047],[-90.556,37.061],[-90.599,37.047],[-90.612,37.073],[-90.638,37.081],[-90.65,37.054],[-90.638,37.032],[-90.612,37.042],[-90.612,37.021],[-90.603,37.035],[-90.585,37.024],[-90.598,37.024],[-90.613,36.985],[-90.62,37.013],[-90.635,36.999],[-90.653,37.007],[-90.64,36.985],[-90.69,37.007],[-90.705,36.967],[-90.768,36.988],[-90.749,36.997],[-90.758,37.004],[-90.777,36.986]]],[[[-92.982,36.595],[-92.969,36.584],[-92.941,36.598],[-92.966,36.657],[-92.923,36.638],[-92.928,36.627],[-92.955,36.635],[-92.939,36.613],[-92.892,36.609],[-92.905,36.609],[-92.91,36.584],[-92.842,36.601],[-92.825,36.582],[-92.806,36.592],[-92.824,36.592],[-92.81,36.614],[-92.783,36.603],[-92.791,36.625],[-92.778,36.631],[-92.791,36.643],[-92.723,36.653],[-92.741,36.657],[-92.74,36.705],[-92.758,36.701],[-92.749,36.715],[-92.771,36.727],[-92.744,36.734],[-92.744,36.752],[-92.726,36.719],[-92.704,36.733],[-92.717,36.755],[-92.735,36.748],[-92.707,36.795],[-92.757,36.806],[-92.766,36.774],[-92.744,36.763],[-92.775,36.761],[-92.762,36.752],[-92.784,36.738],[-92.812,36.738],[-92.802,36.756],[-92.816,36.764],[-92.82,36.749],[-92.838,36.771],[-92.893,36.757],[-92.898,36.746],[-92.871,36.735],[-92.873,36.709],[-92.858,36.713],[-92.862,36.728],[-92.844,36.72],[-92.853,36.71],[-92.84,36.677],[-92.875,36.681],[-92.852,36.66],[-92.873,36.648],[-92.9,36.663],[-92.867,36.685],[-92.876,36.713],[-92.943,36.729],[-92.944,36.714],[-92.975,36.715],[-92.967,36.708],[-92.981,36.693],[-92.958,36.69],[-92.972,36.69],[-92.986,36.65],[-92.987,36.624],[-92.968,36.617],[-92.982,36.595]],[[-92.896,36.612],[-92.896,36.634],[-92.914,36.642],[-92.882,36.645],[-92.869,36.627],[-92.857,36.648],[-92.851,36.626],[-92.869,36.608],[-92.855,36.607],[-92.896,36.612]]],[[[-92.053,37.757],[-92.044,37.729],[-91.971,37.735],[-91.969,37.778],[-91.997,37.779],[-91.997,37.793],[-91.943,37.8],[-91.943,37.782],[-91.898,37.767],[-91.902,37.788],[-91.879,37.799],[-91.898,37.803],[-91.884,37.813],[-91.897,37.828],[-91.87,37.839],[-91.906,37.85],[-91.906,37.897],[-91.942,37.883],[-91.955,37.908],[-91.977,37.909],[-91.982,37.884],[-92.035,37.892],[-91.987,37.866],[-91.991,37.844],[-91.942,37.867],[-91.933,37.85],[-91.956,37.847],[-91.965,37.825],[-91.965,37.847],[-91.991,37.84],[-92.005,37.812],[-92.019,37.823],[-92.005,37.848],[-92.019,37.866],[-92.023,37.852],[-92.06,37.849],[-92.05,37.831],[-92.023,37.836],[-92.046,37.828],[-92.042,37.816],[-92.082,37.835],[-92.065,37.802],[-92.097,37.803],[-92.097,37.779],[-92.08,37.766],[-92.017,37.769],[-92.042,37.798],[-92.005,37.804],[-92.023,37.75],[-92.034,37.752],[-92.027,37.77],[-92.061,37.764],[-92.053,37.757]]],[[[-92.178,37.532],[-92.067,37.509],[-92.067,37.487],[-92.114,37.491],[-92.125,37.506],[-92.123,37.486],[-92.096,37.473],[-92.098,37.458],[-92.087,37.473],[-92.067,37.458],[-92.049,37.481],[-92.039,37.461],[-92.076,37.443],[-91.998,37.427],[-92.035,37.457],[-92.016,37.457],[-92.007,37.479],[-91.993,37.467],[-92.003,37.457],[-91.985,37.472],[-92.012,37.49],[-92.002,37.508],[-92.03,37.508],[-92.017,37.538],[-92.036,37.546],[-92.037,37.566],[-92.022,37.58],[-92.066,37.611],[-92.04,37.631],[-92.048,37.647],[-92.139,37.641],[-92.131,37.597],[-92.168,37.594],[-92.163,37.576],[-92.094,37.593],[-92.117,37.572],[-92.104,37.564],[-92.076,37.593],[-92.08,37.56],[-92.118,37.539],[-92.141,37.561],[-92.178,37.532]]],[[[-90.648,37.425],[-90.659,37.41],[-90.534,37.407],[-90.538,37.422],[-90.492,37.428],[-90.474,37.406],[-90.473,37.424],[-90.455,37.428],[-90.469,37.454],[-90.455,37.458],[-90.45,37.443],[-90.418,37.476],[-90.431,37.48],[-90.427,37.496],[-90.457,37.499],[-90.473,37.476],[-90.491,37.477],[-90.436,37.537],[-90.435,37.57],[-90.463,37.554],[-90.454,37.529],[-90.481,37.528],[-90.5,37.529],[-90.486,37.557],[-90.509,37.55],[-90.504,37.569],[-90.526,37.584],[-90.557,37.586],[-90.54,37.558],[-90.588,37.571],[-90.592,37.534],[-90.526,37.569],[-90.527,37.54],[-90.513,37.532],[-90.509,37.547],[-90.5,37.525],[-90.509,37.511],[-90.518,37.525],[-90.547,37.522],[-90.547,37.496],[-90.579,37.493],[-90.584,37.474],[-90.556,37.481],[-90.552,37.466],[-90.525,37.461],[-90.505,37.48],[-90.514,37.465],[-90.501,37.45],[-90.482,37.461],[-90.478,37.443],[-90.534,37.429],[-90.541,37.453],[-90.548,37.437],[-90.585,37.429],[-90.584,37.448],[-90.61,37.449],[-90.603,37.471],[-90.625,37.491],[-90.624,37.44],[-90.639,37.431],[-90.633,37.45],[-90.653,37.454],[-90.638,37.468],[-90.647,37.492],[-90.658,37.462],[-90.648,37.425]],[[-90.519,37.491],[-90.5,37.507],[-90.484,37.499],[-90.519,37.491]]],[[[-93.874,36.499],[-93.843,36.499],[-93.843,36.512],[-93.799,36.499],[-93.816,36.519],[-93.797,36.54],[-93.815,36.547],[-93.797,36.55],[-93.775,36.586],[-93.761,36.571],[-93.747,36.589],[-93.716,36.573],[-93.688,36.623],[-93.657,36.615],[-93.665,36.641],[-93.652,36.651],[-93.679,36.637],[-93.666,36.641],[-93.669,36.662],[-93.69,36.674],[-93.695,36.659],[-93.72,36.667],[-93.714,36.645],[-93.741,36.642],[-93.757,36.654],[-93.74,36.653],[-93.74,36.668],[-93.757,36.668],[-93.758,36.654],[-93.794,36.64],[-93.778,36.611],[-93.795,36.618],[-93.788,36.59],[-93.801,36.565],[-93.886,36.57],[-93.896,36.527],[-93.878,36.534],[-93.878,36.52],[-93.902,36.499],[-93.874,36.499]]],[[[-93.17,36.85],[-93.179,36.833],[-93.162,36.832],[-93.162,36.814],[-93.09,36.817],[-93.13,36.828],[-93.134,36.846],[-93.094,36.831],[-93.097,36.846],[-93.072,36.813],[-93.032,36.812],[-93.022,36.826],[-93.053,36.849],[-93.04,36.856],[-93.058,36.867],[-93.053,36.896],[-93.074,36.9],[-93.073,36.943],[-93.083,36.931],[-93.08,36.943],[-93.114,36.943],[-93.124,36.929],[-93.128,36.944],[-93.142,36.912],[-93.133,36.886],[-93.151,36.886],[-93.165,36.861],[-93.152,36.846],[-93.17,36.85]],[[-93.125,36.857],[-93.125,36.871],[-93.089,36.871],[-93.094,36.849],[-93.125,36.857]]],[[[-92.047,37.679],[-92.029,37.638],[-92.06,37.617],[-92.016,37.602],[-92.002,37.617],[-91.993,37.598],[-92.016,37.599],[-92.021,37.581],[-92.011,37.591],[-91.975,37.584],[-91.954,37.601],[-91.988,37.609],[-91.998,37.627],[-91.963,37.627],[-91.979,37.62],[-91.94,37.601],[-91.949,37.652],[-91.917,37.648],[-91.917,37.659],[-91.967,37.674],[-91.917,37.681],[-91.917,37.712],[-91.945,37.706],[-91.944,37.688],[-91.993,37.7],[-92.007,37.686],[-91.999,37.717],[-92.009,37.706],[-92.026,37.729],[-92.027,37.707],[-92.047,37.707],[-92.034,37.694],[-92.047,37.679]]],[[[-90.667,37.085],[-90.668,37.071],[-90.629,37.084],[-90.661,37.096],[-90.661,37.111],[-90.615,37.095],[-90.606,37.117],[-90.597,37.099],[-90.613,37.089],[-90.598,37.066],[-90.566,37.065],[-90.564,37.076],[-90.524,37.057],[-90.514,37.042],[-90.528,37.028],[-90.515,37.013],[-90.488,37.016],[-90.501,37.038],[-90.488,37.016],[-90.469,37.028],[-90.452,37.017],[-90.464,37.046],[-90.44,37.057],[-90.467,37.083],[-90.501,37.042],[-90.486,37.076],[-90.5,37.069],[-90.499,37.08],[-90.476,37.082],[-90.48,37.113],[-90.51,37.112],[-90.514,37.075],[-90.546,37.08],[-90.55,37.098],[-90.589,37.105],[-90.573,37.135],[-90.665,37.136],[-90.667,37.085]]],[[[-93.664,36.666],[-93.615,36.658],[-93.576,36.628],[-93.562,36.642],[-93.561,36.62],[-93.522,36.634],[-93.491,36.622],[-93.529,36.651],[-93.526,36.634],[-93.544,36.635],[-93.556,36.649],[-93.539,36.681],[-93.57,36.678],[-93.561,36.693],[-93.582,36.697],[-93.577,36.729],[-93.6,36.737],[-93.63,36.734],[-93.609,36.715],[-93.644,36.72],[-93.667,36.706],[-93.654,36.698],[-93.664,36.666]]],[[[-90.914,36.723],[-90.859,36.704],[-90.89,36.67],[-90.847,36.676],[-90.845,36.732],[-90.868,36.725],[-90.862,36.8],[-90.889,36.795],[-90.885,36.781],[-90.908,36.785],[-90.894,36.806],[-90.898,36.849],[-90.915,36.85],[-90.956,36.803],[-90.935,36.787],[-90.928,36.755],[-90.905,36.748],[-90.922,36.735],[-90.914,36.723]]],[[[-92.973,36.818],[-92.977,36.802],[-92.955,36.784],[-92.941,36.794],[-92.937,36.78],[-92.919,36.783],[-92.923,36.806],[-92.955,36.81],[-92.968,36.828],[-92.959,36.843],[-92.918,36.831],[-92.922,36.857],[-92.904,36.857],[-92.94,36.876],[-92.921,36.871],[-92.907,36.904],[-92.975,36.913],[-93.017,36.884],[-93.007,36.878],[-93.022,36.852],[-92.972,36.851],[-93.004,36.837],[-92.973,36.818]]],[[[-91.417,37.017],[-91.396,37.003],[-91.33,37.035],[-91.288,36.998],[-91.278,37.009],[-91.301,37.024],[-91.291,37.035],[-91.251,36.997],[-91.189,36.981],[-91.22,37.0],[-91.219,37.043],[-91.324,37.046],[-91.314,37.03],[-91.325,37.046],[-91.433,37.045],[-91.438,37.019],[-91.417,37.017]]],[[[-90.379,37.465],[-90.38,37.435],[-90.361,37.443],[-90.366,37.42],[-90.347,37.409],[-90.333,37.409],[-90.332,37.424],[-90.318,37.417],[-90.322,37.465],[-90.289,37.447],[-90.305,37.406],[-90.263,37.406],[-90.272,37.428],[-90.249,37.432],[-90.248,37.451],[-90.28,37.451],[-90.262,37.451],[-90.261,37.469],[-90.242,37.478],[-90.274,37.482],[-90.293,37.465],[-90.321,37.484],[-90.332,37.458],[-90.379,37.465]]],[[[-91.064,37.584],[-91.082,37.575],[-91.047,37.564],[-91.015,37.578],[-91.003,37.53],[-90.966,37.548],[-90.949,37.536],[-90.974,37.571],[-90.944,37.561],[-90.951,37.596],[-90.983,37.604],[-91.064,37.584]]],[[[-92.3,37.633],[-92.268,37.623],[-92.261,37.598],[-92.268,37.612],[-92.287,37.604],[-92.268,37.587],[-92.241,37.598],[-92.249,37.663],[-92.231,37.663],[-92.231,37.685],[-92.258,37.68],[-92.262,37.693],[-92.249,37.693],[-92.237,37.725],[-92.282,37.699],[-92.276,37.674],[-92.295,37.666],[-92.258,37.663],[-92.258,37.645],[-92.263,37.656],[-92.327,37.645],[-92.3,37.633]]],[[[-90.397,37.081],[-90.388,37.067],[-90.407,37.06],[-90.37,37.067],[-90.375,37.045],[-90.398,37.045],[-90.377,37.04],[-90.378,37.007],[-90.36,37.01],[-90.351,36.992],[-90.355,37.044],[-90.334,37.044],[-90.342,37.077],[-90.35,37.092],[-90.388,37.089],[-90.401,37.111],[-90.424,37.108],[-90.407,37.071],[-90.397,37.081]]],[[[-90.451,37.417],[-90.451,37.406],[-90.409,37.406],[-90.4,37.454],[-90.399,37.435],[-90.385,37.443],[-90.394,37.465],[-90.347,37.467],[-90.356,37.48],[-90.321,37.496],[-90.365,37.496],[-90.374,37.48],[-90.379,37.491],[-90.413,37.487],[-90.398,37.465],[-90.418,37.461],[-90.413,37.439],[-90.441,37.443],[-90.451,37.417]]],[[[-90.775,37.044],[-90.784,37.016],[-90.708,37.018],[-90.736,37.008],[-90.731,36.997],[-90.704,37.004],[-90.704,37.026],[-90.662,37.018],[-90.685,37.044],[-90.775,37.044]]],[[[-91.144,36.977],[-91.094,36.966],[-91.094,36.981],[-91.049,36.977],[-91.035,36.996],[-91.17,36.999],[-91.144,36.977]]],[[[-92.997,36.92],[-92.98,36.913],[-92.984,36.927],[-92.947,36.941],[-92.951,36.93],[-92.933,36.926],[-92.951,36.923],[-92.925,36.919],[-92.906,36.933],[-92.91,36.958],[-92.933,36.933],[-92.942,36.959],[-92.923,36.969],[-93.005,36.953],[-92.997,36.92]]],[[[-92.223,37.569],[-92.187,37.543],[-92.159,37.547],[-92.191,37.583],[-92.168,37.609],[-92.214,37.605],[-92.236,37.583],[-92.223,37.569]]],[[[-91.177,37.803],[-91.145,37.803],[-91.14,37.821],[-91.131,37.806],[-91.098,37.813],[-91.107,37.827],[-91.158,37.832],[-91.139,37.843],[-91.152,37.886],[-91.171,37.858],[-91.162,37.836],[-91.181,37.836],[-91.162,37.832],[-91.177,37.803]]],[[[-91.381,37.637],[-91.377,37.608],[-91.339,37.622],[-91.33,37.608],[-91.296,37.607],[-91.311,37.626],[-91.335,37.622],[-91.33,37.637],[-91.344,37.644],[-91.367,37.637],[-91.367,37.651],[-91.395,37.666],[-91.404,37.64],[-91.381,37.637]]],[[[-90.316,36.827],[-90.289,36.833],[-90.298,36.848],[-90.266,36.865],[-90.256,36.897],[-90.31,36.896],[-90.284,36.865],[-90.308,36.861],[-90.316,36.827]]],[[[-92.617,36.643],[-92.611,36.63],[-92.57,36.652],[-92.588,36.659],[-92.597,36.645],[-92.578,36.703],[-92.6,36.71],[-92.601,36.692],[-92.619,36.688],[-92.633,36.659],[-92.617,36.643]]],[[[-92.413,37.533],[-92.402,37.533],[-92.406,37.547],[-92.383,37.547],[-92.392,37.573],[-92.379,37.576],[-92.378,37.598],[-92.406,37.613],[-92.396,37.642],[-92.412,37.642],[-92.413,37.598],[-92.397,37.591],[-92.399,37.577],[-92.413,37.58],[-92.413,37.533]]],[[[-90.205,37.722],[-90.197,37.7],[-90.143,37.7],[-90.152,37.715],[-90.129,37.726],[-90.148,37.729],[-90.147,37.751],[-90.165,37.729],[-90.205,37.722]]],[[[-92.308,37.684],[-92.279,37.696],[-92.303,37.72],[-92.299,37.734],[-92.275,37.734],[-92.28,37.745],[-92.321,37.738],[-92.308,37.684]]],[[[-91.206,37.956],[-91.215,37.931],[-91.202,37.923],[-91.216,37.913],[-91.197,37.909],[-91.198,37.887],[-91.175,37.883],[-91.183,37.898],[-91.169,37.901],[-91.187,37.916],[-91.169,37.921],[-91.206,37.956]]],[[[-92.188,38.783],[-92.179,38.773],[-92.166,38.806],[-92.106,38.808],[-92.138,38.831],[-92.118,38.846],[-92.151,38.839],[-92.134,38.813],[-92.175,38.81],[-92.171,38.795],[-92.188,38.783]]],[[[-92.997,36.752],[-92.956,36.743],[-92.947,36.773],[-92.982,36.78],[-92.992,36.762],[-93.01,36.763],[-93.01,36.745],[-92.997,36.752]]],[[[-92.391,37.693],[-92.387,37.667],[-92.355,37.656],[-92.352,37.71],[-92.372,37.711],[-92.359,37.67],[-92.377,37.703],[-92.391,37.693]]],[[[-92.334,37.474],[-92.261,37.452],[-92.277,37.474],[-92.311,37.473],[-92.315,37.502],[-92.343,37.495],[-92.325,37.484],[-92.334,37.474]]],[[[-91.852,37.774],[-91.852,37.748],[-91.806,37.748],[-91.829,37.777],[-91.847,37.777],[-91.829,37.792],[-91.833,37.806],[-91.847,37.806],[-91.852,37.774]]],[[[-91.018,37.907],[-90.939,37.877],[-90.947,37.903],[-90.977,37.907],[-90.973,37.918],[-91.018,37.907]]],[[[-92.178,38.725],[-92.152,38.743],[-92.138,38.732],[-92.136,38.783],[-92.185,38.736],[-92.178,38.725]]],[[[-90.519,36.789],[-90.483,36.774],[-90.483,36.84],[-90.519,36.789]]],[[[-90.388,37.111],[-90.383,37.096],[-90.35,37.095],[-90.331,37.119],[-90.373,37.134],[-90.374,37.111],[-90.388,37.111]]],[[[-90.95,36.611],[-90.904,36.603],[-90.903,36.636],[-90.94,36.633],[-90.95,36.611]]],[[[-90.593,37.617],[-90.564,37.602],[-90.539,37.643],[-90.582,37.639],[-90.593,37.617]]],[[[-90.115,37.715],[-90.092,37.715],[-90.092,37.758],[-90.12,37.755],[-90.111,37.744],[-90.127,37.719],[-90.115,37.715]]],[[[-92.869,36.795],[-92.868,36.808],[-92.842,36.811],[-92.85,36.837],[-92.882,36.819],[-92.887,36.797],[-92.869,36.795]]],[[[-92.287,37.546],[-92.288,37.517],[-92.256,37.525],[-92.26,37.55],[-92.246,37.543],[-92.292,37.561],[-92.287,37.546]]],[[[-92.374,37.609],[-92.364,37.627],[-92.335,37.629],[-92.36,37.652],[-92.387,37.645],[-92.374,37.609]]],[[[-91.226,37.858],[-91.19,37.847],[-91.185,37.869],[-91.212,37.865],[-91.226,37.881],[-91.242,37.866],[-91.226,37.858]]],[[[-92.286,36.937],[-92.236,36.935],[-92.231,36.953],[-92.271,36.965],[-92.286,36.937]]],[[[-92.03,37.549],[-91.984,37.536],[-92.007,37.573],[-92.02,37.565],[-92.011,37.559],[-92.036,37.564],[-92.03,37.549]]],[[[-90.627,36.781],[-90.627,36.767],[-90.605,36.767],[-90.605,36.788],[-90.578,36.796],[-90.582,36.814],[-90.6,36.817],[-90.6,36.796],[-90.627,36.781]]],[[[-92.266,37.726],[-92.248,37.726],[-92.243,37.751],[-92.229,37.751],[-92.228,37.783],[-92.247,37.784],[-92.243,37.755],[-92.266,37.755],[-92.25,37.745],[-92.271,37.737],[-92.266,37.726]]],[[[-92.186,36.803],[-92.168,36.81],[-92.159,36.795],[-92.154,36.82],[-92.167,36.832],[-92.194,36.825],[-92.2,36.807],[-92.186,36.803]]],[[[-92.389,37.474],[-92.361,37.474],[-92.379,37.492],[-92.361,37.492],[-92.37,37.514],[-92.397,37.511],[-92.398,37.492],[-92.374,37.489],[-92.389,37.474]]],[[[-92.31,37.568],[-92.259,37.583],[-92.305,37.597],[-92.287,37.583],[-92.324,37.587],[-92.31,37.568]]],[[[-91.128,37.762],[-91.1,37.755],[-91.072,37.791],[-91.094,37.798],[-91.099,37.772],[-91.128,37.762]]],[[[-92.656,36.649],[-92.67,36.627],[-92.629,36.623],[-92.644,36.67],[-92.656,36.654],[-92.633,36.63],[-92.651,36.631],[-92.656,36.649]]],[[[-90.343,36.848],[-90.329,36.853],[-90.328,36.882],[-90.315,36.867],[-90.319,36.889],[-90.362,36.883],[-90.358,36.868],[-90.342,36.871],[-90.343,36.848]]],[[[-91.897,37.864],[-91.874,37.857],[-91.865,37.9],[-91.901,37.897],[-91.879,37.886],[-91.897,37.864]]],[[[-90.179,37.608],[-90.168,37.596],[-90.151,37.607],[-90.147,37.642],[-90.165,37.642],[-90.179,37.608]]],[[[-92.356,37.539],[-92.324,37.539],[-92.324,37.55],[-92.36,37.567],[-92.356,37.539]]],[[[-91.177,37.974],[-91.168,37.944],[-91.141,37.94],[-91.159,37.973],[-91.177,37.974]]],[[[-92.181,38.828],[-92.161,38.821],[-92.17,38.836],[-92.151,38.836],[-92.165,38.861],[-92.184,38.851],[-92.181,38.828]]],[[[-90.783,36.912],[-90.77,36.9],[-90.779,36.888],[-90.741,36.877],[-90.77,36.892],[-90.769,36.928],[-90.783,36.912]]],[[[-90.629,37.539],[-90.606,37.534],[-90.61,37.564],[-90.624,37.564],[-90.629,37.539]]],[[[-90.432,36.992],[-90.422,37.021],[-90.454,37.014],[-90.432,36.992]]],[[[-91.948,36.864],[-91.975,36.908],[-91.976,36.88],[-91.948,36.864]]],[[[-91.344,36.707],[-91.323,36.7],[-91.296,36.718],[-91.318,36.725],[-91.344,36.707]]],[[[-92.136,38.783],[-92.113,38.765],[-92.098,38.776],[-92.112,38.787],[-92.102,38.801],[-92.136,38.783]]],[[[-90.136,37.411],[-90.117,37.433],[-90.131,37.448],[-90.136,37.426],[-90.164,37.422],[-90.136,37.411]]],[[[-92.298,37.416],[-92.261,37.416],[-92.261,37.441],[-92.275,37.423],[-92.288,37.437],[-92.298,37.416]]],[[[-91.264,37.815],[-91.236,37.808],[-91.245,37.832],[-91.227,37.829],[-91.25,37.833],[-91.264,37.815]]],[[[-90.168,37.467],[-90.145,37.459],[-90.135,37.482],[-90.167,37.481],[-90.168,37.467]]],[[[-92.336,37.705],[-92.326,37.724],[-92.355,37.724],[-92.348,37.7],[-92.336,37.705]]],[[[-90.654,36.821],[-90.641,36.81],[-90.636,36.832],[-90.662,36.847],[-90.654,36.821]]],[[[-92.33,37.408],[-92.298,37.413],[-92.334,37.426],[-92.343,37.408],[-92.33,37.408]]],[[[-90.124,37.695],[-90.11,37.682],[-90.092,37.704],[-90.124,37.695]]],[[[-90.425,37.12],[-90.397,37.111],[-90.392,37.126],[-90.415,37.135],[-90.425,37.12]]],[[[-90.404,36.836],[-90.391,36.825],[-90.399,36.839],[-90.381,36.854],[-90.417,36.854],[-90.404,36.836]]],[[[-92.266,37.444],[-92.238,37.43],[-92.225,37.448],[-92.266,37.444]]],[[[-90.334,36.82],[-90.312,36.816],[-90.325,36.845],[-90.347,36.827],[-90.334,36.82]]],[[[-92.635,36.776],[-92.63,36.801],[-92.657,36.801],[-92.631,36.765],[-92.635,36.776]]],[[[-92.101,38.863],[-92.069,38.851],[-92.075,38.87],[-92.101,38.863]]],[[[-91.159,37.926],[-91.124,37.922],[-91.132,37.94],[-91.159,37.926]]],[[[-92.405,37.671],[-92.382,37.66],[-92.412,37.642],[-92.396,37.642],[-92.406,37.613],[-92.378,37.598],[-92.379,37.576],[-92.392,37.573],[-92.383,37.547],[-92.406,37.547],[-92.402,37.533],[-92.413,37.533],[-92.402,37.525],[-92.414,37.474],[-92.379,37.478],[-92.374,37.489],[-92.398,37.492],[-92.397,37.511],[-92.37,37.514],[-92.361,37.492],[-92.379,37.492],[-92.361,37.474],[-92.325,37.474],[-92.343,37.495],[-92.315,37.502],[-92.311,37.473],[-92.277,37.474],[-92.261,37.452],[-92.225,37.444],[-92.202,37.455],[-92.197,37.43],[-92.187,37.481],[-92.215,37.51],[-92.159,37.547],[-92.214,37.554],[-92.214,37.569],[-92.237,37.576],[-92.232,37.591],[-92.172,37.609],[-92.168,37.594],[-92.14,37.594],[-92.139,37.641],[-92.079,37.651],[-92.06,37.637],[-92.049,37.648],[-92.04,37.631],[-92.066,37.611],[-92.022,37.58],[-92.037,37.566],[-92.036,37.546],[-92.017,37.538],[-92.03,37.508],[-92.002,37.508],[-92.012,37.49],[-91.985,37.472],[-92.003,37.457],[-91.993,37.467],[-92.007,37.479],[-92.016,37.457],[-92.035,37.457],[-91.998,37.427],[-91.98,37.431],[-91.994,37.446],[-91.975,37.445],[-91.975,37.584],[-92.011,37.591],[-92.021,37.581],[-92.016,37.599],[-91.993,37.598],[-91.998,37.613],[-92.036,37.603],[-92.06,37.62],[-92.029,37.638],[-92.052,37.683],[-92.038,37.679],[-92.047,37.707],[-92.027,37.707],[-92.026,37.729],[-92.044,37.729],[-92.042,37.75],[-92.061,37.764],[-92.027,37.77],[-92.034,37.752],[-92.023,37.75],[-92.005,37.804],[-92.042,37.798],[-92.016,37.77],[-92.058,37.766],[-92.096,37.774],[-92.096,37.796],[-92.357,37.801],[-92.359,37.713],[-92.364,37.724],[-92.393,37.711],[-92.384,37.746],[-92.412,37.756],[-92.414,37.714],[-92.395,37.707],[-92.412,37.686],[-92.405,37.671]],[[-92.333,37.707],[-92.348,37.7],[-92.355,37.724],[-92.326,37.724],[-92.333,37.707]],[[-92.352,37.534],[-92.365,37.543],[-92.36,37.567],[-92.338,37.565],[-92.324,37.539],[-92.352,37.534]],[[-91.993,37.536],[-92.035,37.547],[-92.036,37.564],[-92.011,37.559],[-92.02,37.565],[-92.007,37.573],[-91.984,37.544],[-91.993,37.536]],[[-92.369,37.608],[-92.387,37.645],[-92.36,37.652],[-92.335,37.629],[-92.364,37.627],[-92.369,37.608]],[[-92.391,37.693],[-92.377,37.703],[-92.359,37.67],[-92.372,37.711],[-92.352,37.71],[-92.355,37.656],[-92.387,37.667],[-92.391,37.693]],[[-92.3,37.684],[-92.322,37.7],[-92.321,37.738],[-92.28,37.745],[-92.275,37.734],[-92.303,37.727],[-92.279,37.696],[-92.3,37.684]],[[-92.287,37.561],[-92.278,37.546],[-92.246,37.547],[-92.264,37.547],[-92.265,37.517],[-92.288,37.517],[-92.287,37.561]],[[-92.287,37.568],[-92.315,37.568],[-92.324,37.587],[-92.287,37.583],[-92.305,37.59],[-92.296,37.597],[-92.259,37.583],[-92.287,37.568]],[[-92.277,37.619],[-92.327,37.645],[-92.263,37.656],[-92.258,37.645],[-92.258,37.663],[-92.295,37.666],[-92.276,37.674],[-92.282,37.699],[-92.237,37.725],[-92.249,37.693],[-92.262,37.693],[-92.258,37.68],[-92.231,37.685],[-92.231,37.663],[-92.249,37.663],[-92.241,37.598],[-92.268,37.587],[-92.287,37.598],[-92.268,37.612],[-92.261,37.598],[-92.277,37.619]],[[-92.248,37.726],[-92.271,37.73],[-92.25,37.745],[-92.266,37.755],[-92.247,37.762],[-92.247,37.784],[-92.228,37.783],[-92.248,37.726]]],[[[-93.811,36.54],[-93.797,36.54],[-93.816,36.519],[-93.799,36.499],[-93.777,36.519],[-93.764,36.499],[-93.368,36.498],[-93.364,36.688],[-93.578,36.693],[-93.576,36.736],[-93.791,36.741],[-93.794,36.64],[-93.758,36.654],[-93.757,36.668],[-93.74,36.668],[-93.754,36.649],[-93.714,36.645],[-93.72,36.667],[-93.695,36.659],[-93.69,36.674],[-93.669,36.662],[-93.666,36.641],[-93.679,36.637],[-93.661,36.651],[-93.652,36.641],[-93.665,36.641],[-93.657,36.615],[-93.688,36.623],[-93.716,36.573],[-93.747,36.589],[-93.761,36.571],[-93.775,36.586],[-93.811,36.54]],[[-93.582,36.7],[-93.561,36.693],[-93.57,36.678],[-93.539,36.681],[-93.556,36.649],[-93.544,36.635],[-93.526,36.634],[-93.529,36.651],[-93.491,36.622],[-93.522,36.634],[-93.561,36.62],[-93.562,36.642],[-93.576,36.628],[-93.615,36.658],[-93.668,36.666],[-93.654,36.698],[-93.667,36.706],[-93.644,36.72],[-93.609,36.715],[-93.631,36.723],[-93.626,36.737],[-93.577,36.729],[-93.582,36.7]]],[[[-91.254,37.642],[-91.207,37.688],[-91.195,37.654],[-91.25,37.623],[-91.209,37.618],[-91.232,37.593],[-91.178,37.596],[-91.201,37.581],[-91.174,37.578],[-91.164,37.603],[-91.136,37.617],[-91.173,37.607],[-91.172,37.642],[-91.155,37.647],[-91.186,37.647],[-91.197,37.702],[-91.17,37.701],[-91.167,37.679],[-91.141,37.676],[-91.152,37.64],[-91.128,37.617],[-91.1,37.617],[-91.118,37.628],[-91.09,37.632],[-91.085,37.655],[-91.108,37.655],[-91.099,37.668],[-91.141,37.679],[-91.156,37.712],[-91.174,37.712],[-91.16,37.723],[-91.183,37.731],[-91.173,37.756],[-91.121,37.679],[-91.093,37.711],[-91.075,37.696],[-91.092,37.718],[-91.083,37.736],[-91.051,37.725],[-91.066,37.696],[-91.038,37.696],[-91.043,37.675],[-91.021,37.686],[-91.038,37.707],[-91.001,37.706],[-91.038,37.714],[-91.037,37.739],[-91.055,37.74],[-91.055,37.761],[-91.032,37.774],[-91.009,37.768],[-91.0,37.746],[-90.956,37.742],[-90.964,37.761],[-90.982,37.754],[-90.981,37.771],[-90.995,37.769],[-90.971,37.786],[-91.059,37.793],[-91.044,37.802],[-91.052,37.85],[-91.07,37.842],[-91.066,37.828],[-91.094,37.827],[-91.134,37.85],[-91.106,37.86],[-91.143,37.864],[-91.115,37.875],[-91.142,37.886],[-91.115,37.897],[-91.114,37.915],[-91.099,37.914],[-91.11,37.893],[-91.096,37.9],[-91.096,37.878],[-91.041,37.892],[-91.087,37.898],[-91.077,37.923],[-91.095,37.936],[-91.062,37.96],[-91.123,37.951],[-91.16,37.984],[-91.132,37.987],[-91.15,38.002],[-91.122,38.002],[-91.117,37.987],[-91.086,38.001],[-91.299,38.005],[-91.303,37.961],[-91.246,37.965],[-91.252,37.928],[-91.234,37.917],[-91.253,37.91],[-91.254,37.83],[-91.272,37.83],[-91.274,37.787],[-91.308,37.787],[-91.309,37.751],[-91.256,37.746],[-91.274,37.761],[-91.274,37.787],[-91.237,37.772],[-91.182,37.785],[-91.182,37.763],[-91.219,37.775],[-91.219,37.749],[-91.237,37.75],[-91.219,37.742],[-91.219,37.717],[-91.257,37.693],[-91.215,37.705],[-91.206,37.691],[-91.225,37.695],[-91.262,37.675],[-91.248,37.66],[-91.283,37.654],[-91.254,37.642]],[[-91.264,37.815],[-91.25,37.833],[-91.227,37.829],[-91.245,37.832],[-91.236,37.808],[-91.264,37.815]],[[-91.226,37.858],[-91.242,37.866],[-91.226,37.881],[-91.212,37.865],[-91.185,37.869],[-91.19,37.847],[-91.226,37.858]],[[-91.177,37.974],[-91.159,37.973],[-91.141,37.94],[-91.168,37.944],[-91.177,37.974]],[[-91.141,37.94],[-91.124,37.922],[-91.159,37.919],[-91.141,37.94]],[[-91.128,37.762],[-91.099,37.772],[-91.094,37.798],[-91.072,37.791],[-91.1,37.755],[-91.128,37.762]],[[-91.207,37.936],[-91.215,37.949],[-91.191,37.956],[-91.191,37.941],[-91.205,37.944],[-91.169,37.921],[-91.187,37.916],[-91.169,37.901],[-91.183,37.898],[-91.175,37.883],[-91.198,37.887],[-91.197,37.909],[-91.216,37.913],[-91.207,37.936]],[[-91.117,37.821],[-91.071,37.82],[-91.072,37.806],[-91.108,37.795],[-91.14,37.821],[-91.145,37.803],[-91.177,37.803],[-91.162,37.832],[-91.181,37.836],[-91.162,37.836],[-91.161,37.887],[-91.139,37.85],[-91.158,37.832],[-91.117,37.821]]],[[[-90.783,36.913],[-90.769,36.928],[-90.77,36.892],[-90.741,36.877],[-90.779,36.888],[-90.77,36.9],[-90.788,36.906],[-90.775,36.877],[-90.788,36.881],[-90.789,36.856],[-90.757,36.859],[-90.775,36.87],[-90.68,36.858],[-90.703,36.88],[-90.726,36.862],[-90.734,36.888],[-90.708,36.891],[-90.738,36.895],[-90.738,36.909],[-90.665,36.894],[-90.677,36.876],[-90.661,36.883],[-90.653,36.861],[-90.621,36.871],[-90.652,36.89],[-90.625,36.908],[-90.633,36.926],[-90.715,36.913],[-90.701,36.942],[-90.715,36.927],[-90.713,36.942],[-90.759,36.952],[-90.75,36.975],[-90.777,36.986],[-90.758,37.004],[-90.749,36.997],[-90.768,36.988],[-90.718,36.971],[-90.708,36.996],[-90.691,36.989],[-90.69,37.007],[-90.64,36.985],[-90.653,37.007],[-90.635,36.999],[-90.62,37.013],[-90.613,36.985],[-90.598,37.024],[-90.585,37.024],[-90.603,37.035],[-90.612,37.021],[-90.612,37.042],[-90.634,37.028],[-90.647,37.043],[-90.649,37.067],[-90.629,37.081],[-90.599,37.047],[-90.556,37.061],[-90.566,37.047],[-90.553,37.035],[-90.567,37.028],[-90.537,37.031],[-90.533,36.999],[-90.501,37.006],[-90.511,36.984],[-90.47,36.988],[-90.48,36.966],[-90.451,36.981],[-90.451,36.97],[-90.428,36.974],[-90.452,36.956],[-90.402,36.956],[-90.388,36.977],[-90.398,36.941],[-90.42,36.937],[-90.434,36.912],[-90.412,36.912],[-90.417,36.886],[-90.403,36.886],[-90.426,36.84],[-90.39,36.861],[-90.391,36.825],[-90.381,36.847],[-90.363,36.839],[-90.391,36.81],[-90.355,36.81],[-90.329,36.845],[-90.325,36.827],[-90.312,36.83],[-90.308,36.861],[-90.284,36.865],[-90.31,36.896],[-90.256,36.897],[-90.266,36.865],[-90.245,36.892],[-90.258,36.922],[-90.353,36.926],[-90.351,37.044],[-90.36,36.992],[-90.36,37.01],[-90.378,37.007],[-90.377,37.04],[-90.398,37.045],[-90.375,37.045],[-90.37,37.067],[-90.407,37.06],[-90.388,37.067],[-90.388,37.081],[-90.407,37.071],[-90.423,37.095],[-90.424,37.108],[-90.401,37.111],[-90.388,37.089],[-90.35,37.092],[-90.347,37.059],[-90.334,37.059],[-90.331,37.134],[-90.537,37.135],[-90.565,37.116],[-90.564,37.135],[-90.62,37.135],[-90.573,37.135],[-90.589,37.105],[-90.55,37.098],[-90.546,37.08],[-90.519,37.086],[-90.523,37.075],[-90.504,37.084],[-90.51,37.112],[-90.48,37.113],[-90.481,37.098],[-90.465,37.097],[-90.499,37.08],[-90.5,37.069],[-90.486,37.076],[-90.501,37.042],[-90.481,37.076],[-90.453,37.083],[-90.463,37.072],[-90.444,37.072],[-90.44,37.057],[-90.464,37.042],[-90.45,37.019],[-90.469,37.028],[-90.488,37.016],[-90.501,37.038],[-90.488,37.016],[-90.515,37.013],[-90.528,37.028],[-90.514,37.042],[-90.524,37.057],[-90.564,37.076],[-90.566,37.065],[-90.598,37.066],[-90.613,37.089],[-90.597,37.099],[-90.606,37.117],[-90.615,37.095],[-90.661,37.111],[-90.661,37.096],[-90.629,37.084],[-90.652,37.085],[-90.663,37.049],[-90.775,37.05],[-90.685,37.044],[-90.662,37.018],[-90.704,37.026],[-90.704,37.004],[-90.727,36.997],[-90.736,37.008],[-90.713,37.022],[-90.749,37.022],[-90.752,37.008],[-90.784,37.016],[-90.783,36.913]],[[-90.401,37.111],[-90.42,37.112],[-90.425,37.127],[-90.392,37.126],[-90.401,37.111]],[[-90.354,36.871],[-90.362,36.883],[-90.315,36.885],[-90.315,36.867],[-90.328,36.882],[-90.338,36.867],[-90.334,36.845],[-90.354,36.871]],[[-90.423,36.992],[-90.433,36.985],[-90.454,37.014],[-90.422,37.021],[-90.423,36.992]],[[-90.374,37.096],[-90.388,37.103],[-90.373,37.134],[-90.331,37.119],[-90.35,37.095],[-90.374,37.096]]],[[[-90.427,37.465],[-90.446,37.462],[-90.45,37.443],[-90.455,37.458],[-90.469,37.454],[-90.455,37.428],[-90.473,37.424],[-90.474,37.406],[-90.451,37.406],[-90.441,37.443],[-90.413,37.439],[-90.418,37.461],[-90.398,37.465],[-90.413,37.487],[-90.379,37.491],[-90.374,37.48],[-90.365,37.496],[-90.321,37.496],[-90.356,37.48],[-90.347,37.467],[-90.379,37.473],[-90.356,37.458],[-90.332,37.458],[-90.321,37.484],[-90.293,37.465],[-90.274,37.482],[-90.243,37.478],[-90.261,37.469],[-90.262,37.451],[-90.28,37.451],[-90.248,37.451],[-90.249,37.432],[-90.272,37.428],[-90.263,37.406],[-90.109,37.407],[-90.104,37.511],[-90.141,37.512],[-90.147,37.642],[-90.092,37.696],[-90.092,37.744],[-90.092,37.715],[-90.127,37.719],[-90.111,37.744],[-90.12,37.755],[-90.099,37.758],[-90.237,37.744],[-90.238,37.685],[-90.219,37.685],[-90.213,37.498],[-90.436,37.496],[-90.435,37.57],[-90.436,37.537],[-90.491,37.477],[-90.473,37.476],[-90.463,37.499],[-90.427,37.496],[-90.427,37.465]],[[-90.149,37.459],[-90.167,37.481],[-90.135,37.482],[-90.149,37.459]],[[-90.122,37.418],[-90.164,37.422],[-90.136,37.426],[-90.131,37.448],[-90.117,37.437],[-90.122,37.418]],[[-90.138,37.689],[-90.138,37.7],[-90.092,37.704],[-90.11,37.682],[-90.151,37.682],[-90.138,37.689]],[[-90.165,37.642],[-90.147,37.642],[-90.147,37.616],[-90.174,37.597],[-90.183,37.608],[-90.165,37.62],[-90.165,37.642]],[[-90.205,37.722],[-90.165,37.729],[-90.147,37.751],[-90.148,37.729],[-90.129,37.726],[-90.152,37.715],[-90.143,37.7],[-90.197,37.7],[-90.205,37.722]]],[[[-92.026,37.729],[-92.009,37.706],[-91.999,37.717],[-92.007,37.686],[-91.993,37.7],[-91.944,37.688],[-91.945,37.706],[-91.917,37.712],[-91.917,37.681],[-91.967,37.674],[-91.917,37.659],[-91.917,37.648],[-91.949,37.652],[-91.94,37.601],[-91.917,37.608],[-91.917,37.705],[-91.806,37.705],[-91.804,37.922],[-91.896,37.936],[-91.896,37.965],[-92.002,37.957],[-91.975,37.921],[-92.026,37.926],[-92.041,37.91],[-92.032,37.888],[-91.982,37.884],[-91.977,37.909],[-91.955,37.908],[-91.934,37.883],[-91.938,37.894],[-91.91,37.9],[-91.906,37.85],[-91.87,37.835],[-91.897,37.828],[-91.884,37.813],[-91.898,37.803],[-91.879,37.799],[-91.902,37.788],[-91.898,37.767],[-91.943,37.782],[-91.938,37.8],[-91.997,37.793],[-91.997,37.779],[-91.969,37.778],[-91.971,37.735],[-92.026,37.739],[-92.026,37.729]],[[-91.87,37.871],[-91.888,37.857],[-91.897,37.879],[-91.879,37.886],[-91.901,37.897],[-91.865,37.9],[-91.87,37.871]],[[-91.852,37.763],[-91.847,37.806],[-91.833,37.806],[-91.829,37.792],[-91.847,37.777],[-91.829,37.777],[-91.806,37.748],[-91.852,37.748],[-91.852,37.763]]],[[[-93.058,36.867],[-93.04,36.856],[-93.053,36.849],[-93.022,36.834],[-93.021,36.716],[-92.984,36.715],[-92.986,36.65],[-92.972,36.69],[-92.958,36.69],[-92.981,36.693],[-92.967,36.708],[-92.975,36.715],[-92.944,36.714],[-92.943,36.729],[-92.874,36.712],[-92.867,36.685],[-92.9,36.663],[-92.877,36.648],[-92.854,36.656],[-92.875,36.681],[-92.84,36.677],[-92.853,36.71],[-92.844,36.72],[-92.862,36.728],[-92.858,36.713],[-92.873,36.709],[-92.871,36.735],[-92.898,36.746],[-92.893,36.757],[-92.815,36.767],[-92.802,36.756],[-92.812,36.738],[-92.784,36.738],[-92.762,36.752],[-92.775,36.761],[-92.744,36.763],[-92.744,36.774],[-92.838,36.771],[-92.837,36.837],[-92.85,36.837],[-92.851,36.8],[-92.887,36.797],[-92.877,36.827],[-92.855,36.837],[-92.87,36.848],[-92.868,36.837],[-92.909,36.838],[-92.908,36.857],[-92.922,36.857],[-92.918,36.831],[-92.962,36.839],[-92.955,36.81],[-92.914,36.794],[-92.924,36.78],[-92.937,36.794],[-92.955,36.784],[-92.977,36.802],[-92.97,36.825],[-93.004,36.837],[-92.972,36.851],[-93.022,36.852],[-93.007,36.878],[-93.017,36.884],[-92.956,36.916],[-92.984,36.927],[-92.98,36.913],[-92.998,36.913],[-93.001,36.942],[-93.043,36.942],[-93.043,36.928],[-93.011,36.92],[-93.043,36.924],[-93.043,36.906],[-93.07,36.907],[-93.069,36.943],[-93.132,36.944],[-93.124,36.929],[-93.114,36.943],[-93.08,36.943],[-93.083,36.931],[-93.073,36.943],[-93.074,36.9],[-93.053,36.896],[-93.058,36.867]]],[[[-92.216,38.748],[-92.217,38.715],[-92.254,38.716],[-92.255,38.687],[-92.163,38.685],[-92.162,38.725],[-92.185,38.736],[-92.156,38.751],[-92.149,38.783],[-92.102,38.801],[-92.108,38.772],[-92.091,38.764],[-92.063,38.771],[-92.061,38.808],[-92.024,38.808],[-92.027,38.748],[-91.99,38.737],[-92.009,38.719],[-91.991,38.719],[-91.996,38.814],[-92.014,38.815],[-92.022,38.866],[-92.059,38.867],[-92.057,38.931],[-92.085,38.931],[-92.109,38.86],[-92.136,38.861],[-92.154,38.889],[-92.144,38.932],[-92.172,38.933],[-92.173,38.889],[-92.192,38.889],[-92.194,38.832],[-92.18,38.831],[-92.184,38.851],[-92.165,38.861],[-92.151,38.836],[-92.165,38.839],[-92.161,38.821],[-92.184,38.817],[-92.134,38.813],[-92.153,38.828],[-92.131,38.85],[-92.118,38.842],[-92.138,38.831],[-92.106,38.808],[-92.166,38.806],[-92.179,38.773],[-92.183,38.788],[-92.214,38.788],[-92.216,38.748]],[[-92.088,38.856],[-92.104,38.859],[-92.099,38.871],[-92.075,38.87],[-92.069,38.851],[-92.088,38.856]]],[[[-92.769,36.628],[-92.656,36.623],[-92.67,36.627],[-92.66,36.649],[-92.638,36.627],[-92.642,36.652],[-92.656,36.654],[-92.644,36.67],[-92.629,36.623],[-92.552,36.622],[-92.551,36.68],[-92.569,36.681],[-92.569,36.71],[-92.659,36.696],[-92.659,36.711],[-92.677,36.711],[-92.675,36.769],[-92.644,36.776],[-92.635,36.765],[-92.657,36.801],[-92.63,36.801],[-92.635,36.776],[-92.621,36.768],[-92.621,36.801],[-92.589,36.803],[-92.599,36.79],[-92.585,36.79],[-92.585,36.803],[-92.765,36.806],[-92.766,36.778],[-92.757,36.806],[-92.707,36.795],[-92.735,36.748],[-92.717,36.755],[-92.717,36.741],[-92.699,36.74],[-92.726,36.719],[-92.744,36.752],[-92.744,36.734],[-92.771,36.727],[-92.749,36.715],[-92.758,36.701],[-92.74,36.705],[-92.741,36.657],[-92.723,36.653],[-92.791,36.643],[-92.779,36.606],[-92.81,36.614],[-92.824,36.592],[-92.806,36.592],[-92.825,36.582],[-92.77,36.581],[-92.769,36.628]],[[-92.592,36.648],[-92.57,36.655],[-92.615,36.63],[-92.612,36.647],[-92.633,36.659],[-92.6,36.71],[-92.578,36.703],[-92.596,36.677],[-92.592,36.648]]],[[[-90.614,36.806],[-90.591,36.817],[-90.578,36.803],[-90.605,36.788],[-90.605,36.767],[-90.578,36.788],[-90.569,36.78],[-90.582,36.767],[-90.483,36.767],[-90.482,36.854],[-90.427,36.854],[-90.439,36.897],[-90.425,36.903],[-90.463,36.898],[-90.463,36.916],[-90.443,36.926],[-90.472,36.926],[-90.472,36.938],[-90.499,36.919],[-90.494,36.948],[-90.517,36.93],[-90.516,36.977],[-90.547,36.979],[-90.547,37.002],[-90.567,37.006],[-90.561,36.991],[-90.581,37.003],[-90.568,36.985],[-90.604,36.992],[-90.6,36.972],[-90.677,36.975],[-90.678,36.956],[-90.636,36.963],[-90.631,36.949],[-90.596,36.963],[-90.596,36.949],[-90.553,36.948],[-90.553,36.927],[-90.526,36.92],[-90.531,36.905],[-90.513,36.912],[-90.522,36.894],[-90.508,36.898],[-90.509,36.869],[-90.532,36.855],[-90.573,36.861],[-90.571,36.897],[-90.611,36.908],[-90.625,36.897],[-90.625,36.879],[-90.603,36.89],[-90.586,36.857],[-90.554,36.851],[-90.537,36.811],[-90.568,36.847],[-90.582,36.846],[-90.573,36.825],[-90.587,36.825],[-90.591,36.839],[-90.618,36.828],[-90.614,36.839],[-90.64,36.839],[-90.631,36.854],[-90.591,36.843],[-90.608,36.861],[-90.667,36.858],[-90.636,36.832],[-90.645,36.812],[-90.614,36.806]],[[-90.492,36.825],[-90.483,36.84],[-90.483,36.774],[-90.506,36.775],[-90.519,36.789],[-90.492,36.825]]],[[[-90.657,37.521],[-90.658,37.481],[-90.638,37.491],[-90.653,37.454],[-90.633,37.45],[-90.639,37.431],[-90.624,37.44],[-90.625,37.491],[-90.603,37.471],[-90.61,37.449],[-90.584,37.448],[-90.585,37.429],[-90.548,37.437],[-90.541,37.453],[-90.534,37.429],[-90.496,37.432],[-90.478,37.45],[-90.492,37.461],[-90.501,37.45],[-90.514,37.465],[-90.505,37.48],[-90.525,37.461],[-90.552,37.466],[-90.556,37.481],[-90.584,37.474],[-90.579,37.493],[-90.547,37.496],[-90.547,37.522],[-90.5,37.518],[-90.509,37.547],[-90.513,37.532],[-90.527,37.54],[-90.522,37.565],[-90.583,37.549],[-90.586,37.534],[-90.597,37.56],[-90.565,37.571],[-90.54,37.558],[-90.558,37.578],[-90.546,37.589],[-90.504,37.569],[-90.509,37.55],[-90.486,37.557],[-90.5,37.529],[-90.454,37.529],[-90.454,37.569],[-90.491,37.568],[-90.49,37.599],[-90.535,37.599],[-90.541,37.643],[-90.564,37.602],[-90.593,37.613],[-90.601,37.571],[-90.657,37.557],[-90.647,37.55],[-90.657,37.521]],[[-90.611,37.531],[-90.629,37.539],[-90.624,37.564],[-90.601,37.549],[-90.611,37.531]]],[[[-91.424,36.937],[-91.44,36.944],[-91.439,36.958],[-91.414,36.966],[-91.427,36.988],[-91.418,36.977],[-91.391,36.988],[-91.377,36.973],[-91.377,36.995],[-91.35,36.973],[-91.341,36.988],[-91.337,36.964],[-91.307,36.966],[-91.306,36.984],[-91.293,36.984],[-91.275,36.961],[-91.266,36.98],[-91.234,36.986],[-91.181,36.951],[-91.221,36.965],[-91.181,36.949],[-91.208,36.945],[-91.204,36.927],[-91.222,36.924],[-91.258,36.943],[-91.236,36.913],[-91.204,36.923],[-91.205,36.901],[-91.186,36.901],[-91.195,36.934],[-91.178,36.937],[-91.186,36.916],[-91.154,36.941],[-91.154,36.919],[-91.132,36.918],[-91.131,36.948],[-91.1,36.948],[-91.123,36.914],[-91.114,36.907],[-91.096,36.937],[-91.078,36.934],[-91.073,36.954],[-91.022,36.975],[-91.02,37.002],[-91.041,37.003],[-91.049,36.977],[-91.144,36.969],[-91.139,36.986],[-91.166,36.984],[-91.17,36.999],[-91.112,36.998],[-91.22,37.0],[-91.219,37.043],[-91.437,37.045],[-91.325,37.046],[-91.314,37.03],[-91.324,37.046],[-91.219,37.043],[-91.22,37.0],[-91.188,36.988],[-91.251,36.997],[-91.291,37.035],[-91.301,37.024],[-91.278,37.009],[-91.288,36.998],[-91.33,37.035],[-91.397,37.003],[-91.408,37.02],[-91.417,37.01],[-91.438,37.019],[-91.439,36.958],[-91.475,36.959],[-91.485,36.93],[-91.454,36.94],[-91.428,36.922],[-91.432,36.886],[-91.415,36.886],[-91.392,36.937],[-91.397,36.926],[-91.424,36.937]]],[[[-91.338,36.727],[-91.343,36.711],[-91.305,36.725],[-91.296,36.71],[-91.323,36.711],[-91.344,36.689],[-91.233,36.688],[-91.235,36.601],[-91.198,36.6],[-91.199,36.538],[-91.162,36.552],[-91.16,36.6],[-91.124,36.599],[-91.123,36.669],[-91.022,36.65],[-91.105,36.683],[-91.097,36.705],[-91.074,36.704],[-91.082,36.731],[-91.11,36.724],[-91.082,36.753],[-91.125,36.752],[-91.121,36.738],[-91.139,36.738],[-91.126,36.687],[-91.198,36.687],[-91.198,36.659],[-91.216,36.663],[-91.225,36.72],[-91.278,36.695],[-91.269,36.717],[-91.3,36.721],[-91.299,36.743],[-91.309,36.732],[-91.343,36.751],[-91.338,36.727]]],[[[-92.161,37.053],[-92.129,37.057],[-92.139,37.046],[-92.112,37.024],[-92.117,37.013],[-92.09,37.012],[-92.063,37.019],[-92.054,37.056],[-91.981,37.056],[-91.995,37.041],[-92.015,37.053],[-92.009,37.033],[-92.041,37.001],[-92.09,37.005],[-92.064,36.994],[-92.082,36.99],[-92.069,36.976],[-92.087,36.972],[-92.064,36.958],[-92.079,36.947],[-92.056,36.939],[-92.042,36.946],[-92.046,36.979],[-92.019,36.975],[-92.015,36.935],[-91.984,36.916],[-92.011,36.909],[-92.012,36.88],[-92.051,36.885],[-92.044,36.866],[-92.062,36.852],[-92.058,36.841],[-92.044,36.855],[-92.031,36.847],[-92.003,36.873],[-91.995,36.851],[-91.957,36.86],[-91.971,36.85],[-91.958,36.846],[-91.939,36.874],[-91.931,36.849],[-91.93,36.915],[-92.001,36.931],[-92.0,37.026],[-91.981,37.026],[-91.981,37.056],[-92.161,37.053]],[[-91.966,36.864],[-91.975,36.908],[-91.958,36.894],[-91.967,36.883],[-91.948,36.879],[-91.948,36.864],[-91.966,36.864]]],[[[-91.127,37.61],[-91.132,37.573],[-91.06,37.562],[-91.056,37.545],[-91.083,37.548],[-91.07,37.533],[-91.02,37.563],[-91.002,37.541],[-91.017,37.521],[-90.944,37.525],[-90.953,37.512],[-90.936,37.515],[-90.938,37.461],[-90.991,37.462],[-90.995,37.481],[-91.005,37.45],[-90.983,37.448],[-90.978,37.419],[-90.938,37.413],[-90.934,37.603],[-90.964,37.618],[-90.963,37.662],[-90.971,37.633],[-90.999,37.638],[-90.985,37.665],[-90.993,37.681],[-91.03,37.655],[-91.013,37.636],[-91.031,37.633],[-91.048,37.652],[-91.053,37.637],[-91.04,37.639],[-91.028,37.601],[-91.079,37.59],[-91.127,37.61]],[[-91.002,37.537],[-91.015,37.578],[-91.047,37.564],[-91.082,37.58],[-90.983,37.604],[-90.943,37.59],[-90.944,37.561],[-90.974,37.574],[-90.949,37.536],[-90.966,37.548],[-90.966,37.537],[-91.002,37.537]]],[[[-91.069,37.916],[-91.069,37.901],[-91.027,37.907],[-91.009,37.89],[-90.996,37.905],[-91.018,37.911],[-90.977,37.919],[-90.974,37.903],[-90.942,37.895],[-90.933,37.913],[-90.915,37.884],[-90.915,37.902],[-90.887,37.909],[-90.871,37.822],[-90.914,37.822],[-90.91,37.799],[-90.928,37.8],[-90.927,37.83],[-90.904,37.832],[-90.923,37.859],[-90.918,37.836],[-90.972,37.823],[-90.959,37.808],[-90.98,37.801],[-90.931,37.781],[-90.941,37.771],[-90.918,37.766],[-90.924,37.744],[-90.888,37.739],[-90.91,37.751],[-90.91,37.814],[-90.871,37.815],[-90.867,37.968],[-90.922,37.967],[-90.922,38.011],[-90.975,38.012],[-90.922,38.011],[-90.945,38.0],[-90.931,37.971],[-90.958,37.954],[-90.936,37.947],[-90.941,37.924],[-90.951,37.915],[-90.973,37.932],[-91.013,37.933],[-91.04,37.917],[-91.022,37.929],[-91.054,37.92],[-91.058,37.931],[-91.069,37.916]]],[[[-92.254,36.914],[-92.219,36.913],[-92.218,36.928],[-92.183,36.919],[-92.182,36.941],[-92.178,36.923],[-92.16,36.927],[-92.144,37.002],[-92.162,37.006],[-92.166,37.028],[-92.198,37.029],[-92.199,36.971],[-92.307,36.973],[-92.309,36.915],[-92.254,36.914]],[[-92.286,36.937],[-92.271,36.965],[-92.231,36.953],[-92.236,36.935],[-92.286,36.937]]],[[[-91.404,37.675],[-91.404,37.648],[-91.39,37.666],[-91.367,37.637],[-91.353,37.648],[-91.33,37.637],[-91.335,37.622],[-91.296,37.617],[-91.33,37.608],[-91.345,37.622],[-91.377,37.608],[-91.386,37.637],[-91.387,37.575],[-91.34,37.575],[-91.387,37.572],[-91.387,37.55],[-91.406,37.55],[-91.406,37.531],[-91.387,37.538],[-91.383,37.509],[-91.346,37.52],[-91.364,37.52],[-91.378,37.55],[-91.355,37.546],[-91.359,37.564],[-91.317,37.578],[-91.326,37.596],[-91.282,37.599],[-91.273,37.614],[-91.273,37.584],[-91.254,37.584],[-91.259,37.633],[-91.286,37.632],[-91.291,37.618],[-91.32,37.64],[-91.309,37.651],[-91.286,37.64],[-91.29,37.665],[-91.304,37.662],[-91.303,37.684],[-91.285,37.691],[-91.299,37.688],[-91.306,37.707],[-91.328,37.7],[-91.31,37.677],[-91.356,37.688],[-91.357,37.673],[-91.395,37.673],[-91.394,37.691],[-91.404,37.675]]],[[[-91.283,37.541],[-91.306,37.534],[-91.302,37.519],[-91.288,37.533],[-91.279,37.511],[-91.238,37.517],[-91.198,37.502],[-91.207,37.476],[-91.22,37.482],[-91.22,37.444],[-91.172,37.422],[-91.187,37.444],[-91.149,37.436],[-91.149,37.447],[-91.198,37.444],[-91.203,37.466],[-91.176,37.454],[-91.194,37.473],[-91.125,37.489],[-91.196,37.48],[-91.194,37.491],[-91.13,37.497],[-91.138,37.525],[-91.107,37.544],[-91.142,37.552],[-91.147,37.537],[-91.165,37.574],[-91.165,37.549],[-91.143,37.523],[-91.156,37.509],[-91.174,37.523],[-91.219,37.524],[-91.219,37.539],[-91.242,37.547],[-91.232,37.554],[-91.251,37.547],[-91.25,37.564],[-91.228,37.561],[-91.232,37.572],[-91.264,37.562],[-91.255,37.573],[-91.282,37.577],[-91.296,37.57],[-91.247,37.532],[-91.283,37.541]]],[[[-92.214,36.75],[-92.214,36.724],[-92.196,36.724],[-92.209,36.761],[-92.187,36.754],[-92.181,36.79],[-92.123,36.795],[-92.141,36.802],[-92.131,36.817],[-92.105,36.805],[-92.099,36.82],[-92.077,36.819],[-92.122,36.831],[-92.103,36.86],[-92.166,36.872],[-92.147,36.897],[-92.156,36.905],[-92.184,36.881],[-92.185,36.832],[-92.203,36.832],[-92.214,36.75]],[[-92.191,36.803],[-92.194,36.825],[-92.167,36.832],[-92.154,36.82],[-92.159,36.795],[-92.168,36.81],[-92.191,36.803]]],[[[-90.951,36.84],[-90.957,36.796],[-90.943,36.786],[-90.941,36.746],[-90.927,36.746],[-90.937,36.725],[-90.927,36.735],[-90.914,36.705],[-90.875,36.697],[-90.893,36.668],[-90.858,36.653],[-90.867,36.609],[-90.837,36.609],[-90.849,36.616],[-90.847,36.676],[-90.89,36.67],[-90.859,36.704],[-90.92,36.729],[-90.905,36.748],[-90.928,36.755],[-90.935,36.787],[-90.956,36.803],[-90.915,36.85],[-90.898,36.849],[-90.894,36.806],[-90.908,36.785],[-90.885,36.781],[-90.889,36.795],[-90.862,36.8],[-90.868,36.725],[-90.854,36.725],[-90.844,36.813],[-90.898,36.813],[-90.898,36.857],[-91.007,36.87],[-91.014,36.922],[-91.015,36.907],[-91.056,36.9],[-91.038,36.896],[-91.038,36.879],[-91.015,36.899],[-91.007,36.87],[-90.978,36.865],[-90.996,36.86],[-90.933,36.855],[-90.933,36.837],[-90.951,36.84]]],[[[-90.977,36.597],[-90.904,36.595],[-90.903,36.639],[-90.867,36.639],[-90.929,36.661],[-90.916,36.639],[-90.944,36.651],[-90.959,36.64],[-90.957,36.662],[-90.994,36.663],[-91.051,36.602],[-91.069,36.621],[-91.097,36.614],[-91.079,36.599],[-90.977,36.597]],[[-90.95,36.611],[-90.94,36.633],[-90.903,36.636],[-90.904,36.603],[-90.95,36.611]]],[[[-90.882,37.668],[-90.868,37.687],[-90.826,37.683],[-90.835,37.669],[-90.812,37.661],[-90.793,37.661],[-90.807,37.676],[-90.788,37.683],[-90.779,37.665],[-90.764,37.674],[-90.766,37.621],[-90.78,37.635],[-90.781,37.609],[-90.799,37.606],[-90.767,37.602],[-90.764,37.693],[-90.82,37.691],[-90.822,37.735],[-90.875,37.736],[-90.858,37.712],[-90.835,37.716],[-90.835,37.734],[-90.822,37.735],[-90.821,37.72],[-90.849,37.698],[-90.881,37.705],[-90.901,37.691],[-90.915,37.629],[-90.891,37.654],[-90.9,37.664],[-90.882,37.668]]],[[[-92.966,36.923],[-92.907,36.896],[-92.905,36.984],[-93.005,36.985],[-92.982,36.978],[-93.005,36.978],[-93.005,36.953],[-92.923,36.969],[-92.942,36.959],[-92.933,36.933],[-92.91,36.958],[-92.906,36.933],[-92.925,36.919],[-92.951,36.923],[-92.933,36.926],[-92.951,36.93],[-92.947,36.941],[-92.966,36.923]]],[[[-91.434,36.818],[-91.443,36.785],[-91.496,36.819],[-91.497,36.786],[-91.531,36.78],[-91.417,36.781],[-91.388,36.815],[-91.388,36.843],[-91.406,36.843],[-91.402,36.821],[-91.434,36.818]]],[[[-92.074,37.851],[-92.023,37.852],[-92.019,37.866],[-92.005,37.848],[-92.019,37.823],[-92.005,37.812],[-91.991,37.84],[-91.965,37.847],[-91.965,37.825],[-91.933,37.865],[-91.991,37.844],[-91.987,37.866],[-92.005,37.88],[-92.064,37.882],[-92.046,37.87],[-92.061,37.874],[-92.074,37.851]]],[[[-92.191,37.587],[-92.159,37.547],[-92.132,37.561],[-92.104,37.539],[-92.08,37.56],[-92.076,37.593],[-92.104,37.564],[-92.117,37.572],[-92.094,37.593],[-92.154,37.576],[-92.177,37.598],[-92.191,37.587]]],[[[-90.379,37.465],[-90.394,37.465],[-90.389,37.435],[-90.4,37.454],[-90.409,37.406],[-90.394,37.42],[-90.38,37.42],[-90.39,37.406],[-90.305,37.406],[-90.295,37.417],[-90.289,37.447],[-90.322,37.465],[-90.318,37.417],[-90.332,37.424],[-90.333,37.409],[-90.347,37.409],[-90.366,37.42],[-90.361,37.443],[-90.38,37.435],[-90.379,37.465]]],[[[-91.149,37.447],[-91.096,37.441],[-91.09,37.422],[-91.092,37.437],[-91.033,37.455],[-91.091,37.444],[-91.099,37.488],[-91.031,37.49],[-91.07,37.506],[-91.103,37.495],[-91.107,37.511],[-91.125,37.457],[-91.149,37.447]]],[[[-92.05,36.822],[-92.077,36.812],[-92.022,36.79],[-92.037,36.754],[-92.059,36.755],[-92.028,36.736],[-92.022,36.793],[-91.996,36.798],[-92.004,36.825],[-91.986,36.821],[-91.987,36.799],[-91.986,36.821],[-91.954,36.835],[-91.95,36.82],[-91.949,36.839],[-91.972,36.843],[-91.995,36.825],[-91.98,36.846],[-91.995,36.847],[-92.004,36.829],[-92.036,36.833],[-92.013,36.822],[-92.019,36.804],[-92.05,36.822]]],[[[-92.343,37.438],[-92.343,37.416],[-92.316,37.426],[-92.307,37.413],[-92.266,37.441],[-92.279,37.444],[-92.27,37.456],[-92.316,37.459],[-92.336,37.475],[-92.343,37.438]]],[[[-92.298,37.413],[-92.325,37.401],[-92.339,37.414],[-92.343,37.387],[-92.252,37.387],[-92.27,37.38],[-92.252,37.358],[-92.252,37.423],[-92.298,37.413]]],[[[-91.061,36.845],[-90.98,36.79],[-91.016,36.869],[-91.038,36.878],[-91.052,36.863],[-91.043,36.848],[-91.061,36.845]]],[[[-92.942,36.584],[-92.91,36.584],[-92.905,36.609],[-92.892,36.609],[-92.939,36.613],[-92.955,36.635],[-92.928,36.627],[-92.923,36.638],[-92.966,36.657],[-92.954,36.642],[-92.964,36.628],[-92.94,36.613],[-92.969,36.584],[-92.942,36.584]]],[[[-92.138,36.705],[-92.097,36.704],[-92.096,36.748],[-92.077,36.747],[-92.086,36.773],[-92.072,36.776],[-92.095,36.781],[-92.095,36.762],[-92.113,36.77],[-92.123,36.741],[-92.109,36.741],[-92.105,36.719],[-92.124,36.734],[-92.115,36.719],[-92.142,36.719],[-92.138,36.705]]],[[[-91.201,36.775],[-91.18,36.789],[-91.189,36.803],[-91.153,36.803],[-91.152,36.824],[-91.175,36.825],[-91.18,36.807],[-91.198,36.815],[-91.198,36.793],[-91.235,36.797],[-91.231,36.779],[-91.201,36.775]]],[[[-91.332,36.88],[-91.332,36.915],[-91.304,36.921],[-91.321,36.944],[-91.28,36.943],[-91.28,36.965],[-91.321,36.959],[-91.321,36.948],[-91.332,36.948],[-91.326,36.962],[-91.341,36.959],[-91.326,36.944],[-91.325,36.872],[-91.344,36.869],[-91.345,36.851],[-91.329,36.835],[-91.345,36.851],[-91.332,36.88]]],[[[-92.909,36.631],[-92.896,36.634],[-92.887,36.601],[-92.869,36.601],[-92.85,36.633],[-92.857,36.648],[-92.869,36.627],[-92.882,36.645],[-92.914,36.642],[-92.909,36.631]]],[[[-91.304,37.33],[-91.268,37.333],[-91.268,37.358],[-91.194,37.371],[-91.194,37.422],[-91.203,37.378],[-91.263,37.372],[-91.277,37.335],[-91.304,37.341],[-91.304,37.33]]],[[[-91.266,37.46],[-91.229,37.466],[-91.257,37.481],[-91.289,37.46],[-91.289,37.497],[-91.314,37.502],[-91.324,37.49],[-91.324,37.476],[-91.303,37.49],[-91.296,37.475],[-91.289,37.453],[-91.303,37.443],[-91.266,37.46]]],[[[-93.906,36.52],[-93.907,36.499],[-93.878,36.52],[-93.878,36.534],[-93.896,36.527],[-93.886,36.57],[-93.796,36.569],[-93.904,36.571],[-93.906,36.52]]],[[[-92.105,37.517],[-92.123,37.517],[-92.114,37.491],[-92.067,37.487],[-92.067,37.509],[-92.105,37.517]]],[[[-91.392,36.937],[-91.379,36.901],[-91.36,36.944],[-91.373,36.969],[-91.392,36.937]]],[[[-91.284,36.856],[-91.315,36.838],[-91.284,36.831],[-91.289,36.805],[-91.271,36.787],[-91.257,36.812],[-91.28,36.809],[-91.27,36.823],[-91.288,36.838],[-91.284,36.856]]],[[[-92.142,37.459],[-92.096,37.473],[-92.132,37.502],[-92.142,37.459]]],[[[-91.096,37.856],[-91.016,37.847],[-91.052,37.873],[-91.096,37.856]]],[[[-91.317,37.413],[-91.313,37.388],[-91.28,37.424],[-91.32,37.439],[-91.317,37.413]]],[[[-90.835,37.605],[-90.789,37.628],[-90.793,37.646],[-90.831,37.628],[-90.835,37.605]]],[[[-93.115,36.828],[-93.072,36.813],[-93.097,36.846],[-93.094,36.831],[-93.134,36.846],[-93.13,36.828],[-93.115,36.828]]],[[[-91.418,37.422],[-91.389,37.419],[-91.38,37.447],[-91.352,37.456],[-91.37,37.469],[-91.389,37.441],[-91.403,37.444],[-91.39,37.429],[-91.418,37.433],[-91.418,37.422]]],[[[-93.165,36.89],[-93.156,36.868],[-93.151,36.886],[-93.133,36.886],[-93.133,36.911],[-93.156,36.916],[-93.147,36.908],[-93.165,36.89]]],[[[-92.087,37.458],[-92.076,37.447],[-92.039,37.472],[-92.067,37.472],[-92.067,37.458],[-92.091,37.473],[-92.087,37.458]]],[[[-90.996,37.891],[-90.973,37.867],[-90.929,37.873],[-90.933,37.892],[-90.939,37.877],[-90.996,37.891]]],[[[-92.908,36.86],[-92.912,36.897],[-92.921,36.871],[-92.935,36.883],[-92.94,36.868],[-92.908,36.86]]],[[[-90.989,36.729],[-91.035,36.742],[-91.015,36.733],[-91.024,36.724],[-90.995,36.729],[-91.004,36.715],[-90.987,36.707],[-90.989,36.729]]],[[[-92.147,38.758],[-92.132,38.758],[-92.138,38.732],[-92.152,38.743],[-92.162,38.732],[-92.133,38.728],[-92.132,38.765],[-92.113,38.767],[-92.136,38.783],[-92.147,38.758]]],[[[-93.125,36.853],[-93.094,36.849],[-93.089,36.871],[-93.125,36.871],[-93.125,36.853]]],[[[-91.979,37.62],[-91.963,37.627],[-91.998,37.627],[-91.988,37.609],[-91.954,37.601],[-91.972,37.587],[-91.954,37.587],[-91.954,37.605],[-91.979,37.62]]],[[[-91.174,36.876],[-91.197,36.869],[-91.17,36.854],[-91.137,36.871],[-91.174,36.876]]],[[[-91.158,37.414],[-91.096,37.414],[-91.13,37.436],[-91.158,37.414]]],[[[-91.31,37.727],[-91.29,37.7],[-91.287,37.729],[-91.31,37.727]]],[[[-92.192,36.717],[-92.179,36.706],[-92.169,36.742],[-92.187,36.742],[-92.192,36.717]]],[[[-92.066,37.843],[-92.073,37.831],[-92.051,37.816],[-92.036,37.836],[-92.023,37.83],[-92.066,37.843]]],[[[-90.509,37.487],[-90.484,37.499],[-90.523,37.496],[-90.509,37.487]]],[[[-92.871,36.583],[-92.834,36.582],[-92.833,36.593],[-92.865,36.597],[-92.871,36.583]]],[[[-91.273,36.886],[-91.284,36.867],[-91.228,36.877],[-91.273,36.886]]],[[[-92.178,37.532],[-92.178,37.517],[-92.132,37.517],[-92.178,37.532]]],[[[-92.11,36.936],[-92.119,36.929],[-92.132,36.948],[-92.124,36.918],[-92.101,36.929],[-92.11,36.936]]]]}}]}